"income_band","inc_low","inc_high","inc_mid","age_band","age_band_key","members","pp3","pp4","pp6","pp8","pp10","ppn"
"$0.01    -   $100",0.01,100,50.005,"Under 16","ks_u16",65741.9786264755,0.191216623526571,0.0350043747676157,0.0176627717111654,0.0126809619987555,0.0170579682068297,0.726377299789063
"$0.01    -   $100",0.01,100,50.005,"16-17","ks_16_17",8560.51546276655,0.191216623526571,0.0350043747676157,0.0176627717111654,0.0126809619987555,0.0170579682068297,0.726377299789063
"$0.01    -   $100",0.01,100,50.005,"18-24","ks_18_24",22877.8039627162,0.191216623526571,0.0350043747676157,0.0176627717111654,0.0126809619987555,0.0170579682068297,0.726377299789063
"$0.01    -   $100",0.01,100,50.005,"25-34","ks_25_34",34733.2042208484,0.191216623526571,0.0350043747676157,0.0176627717111654,0.0126809619987555,0.0170579682068297,0.726377299789063
"$0.01    -   $100",0.01,100,50.005,"35-44","ks_35_44",39066.6212046568,0.191216623526571,0.0350043747676157,0.0176627717111654,0.0126809619987555,0.0170579682068297,0.726377299789063
"$0.01    -   $100",0.01,100,50.005,"45-54","ks_45_54",22871.8142308561,0.191216623526571,0.0350043747676157,0.0176627717111654,0.0126809619987555,0.0170579682068297,0.726377299789063
"$0.01    -   $100",0.01,100,50.005,"55-64","ks_55_64",17490.5612656445,0.191216623526571,0.0350043747676157,0.0176627717111654,0.0126809619987555,0.0170579682068297,0.726377299789063
"$0.01    -   $100",0.01,100,50.005,"65+","ks_65p",3213.79859260401,0.191216623526571,0.0350043747676157,0.0176627717111654,0.0126809619987555,0.0170579682068297,0.726377299789063
"$101     -   $1,000",101,1000,550.5,"Under 16","ks_u16",22536.2180503062,0.191216623526571,0.0350043747676157,0.0176627717111654,0.0126809619987555,0.0170579682068297,0.726377299789063
"$101     -   $1,000",101,1000,550.5,"16-17","ks_16_17",4837.92244427078,0.191216623526571,0.0350043747676157,0.0176627717111654,0.0126809619987555,0.0170579682068297,0.726377299789063
"$101     -   $1,000",101,1000,550.5,"18-24","ks_18_24",13891.0161411608,0.191216623526571,0.0350043747676157,0.0176627717111654,0.0126809619987555,0.0170579682068297,0.726377299789063
"$101     -   $1,000",101,1000,550.5,"25-34","ks_25_34",14838.080935124,0.191216623526571,0.0350043747676157,0.0176627717111654,0.0126809619987555,0.0170579682068297,0.726377299789063
"$101     -   $1,000",101,1000,550.5,"35-44","ks_35_44",14709.6813337828,0.191216623526571,0.0350043747676157,0.0176627717111654,0.0126809619987555,0.0170579682068297,0.726377299789063
"$101     -   $1,000",101,1000,550.5,"45-54","ks_45_54",9296.40057224607,0.191216623526571,0.0350043747676157,0.0176627717111654,0.0126809619987555,0.0170579682068297,0.726377299789063
"$101     -   $1,000",101,1000,550.5,"55-64","ks_55_64",9644.32817451426,0.191216623526571,0.0350043747676157,0.0176627717111654,0.0126809619987555,0.0170579682068297,0.726377299789063
"$101     -   $1,000",101,1000,550.5,"65+","ks_65p",1655.27624826553,0.191216623526571,0.0350043747676157,0.0176627717111654,0.0126809619987555,0.0170579682068297,0.726377299789063
"$1,001  -   $2,000",1001,2000,1500.5,"Under 16","ks_u16",4745.35080053705,0.191216623526571,0.0350043747676157,0.0176627717111654,0.0126809619987555,0.0170579682068297,0.726377299789063
"$1,001  -   $2,000",1001,2000,1500.5,"16-17","ks_16_17",2832.81258605932,0.191216623526571,0.0350043747676157,0.0176627717111654,0.0126809619987555,0.0170579682068297,0.726377299789063
"$1,001  -   $2,000",1001,2000,1500.5,"18-24","ks_18_24",8720.34709616494,0.191216623526571,0.0350043747676157,0.0176627717111654,0.0126809619987555,0.0170579682068297,0.726377299789063
"$1,001  -   $2,000",1001,2000,1500.5,"25-34","ks_25_34",7099.14090812194,0.191216623526571,0.0350043747676157,0.0176627717111654,0.0126809619987555,0.0170579682068297,0.726377299789063
"$1,001  -   $2,000",1001,2000,1500.5,"35-44","ks_35_44",6094.01083828143,0.191216623526571,0.0350043747676157,0.0176627717111654,0.0126809619987555,0.0170579682068297,0.726377299789063
"$1,001  -   $2,000",1001,2000,1500.5,"45-54","ks_45_54",3905.37784805361,0.191216623526571,0.0350043747676157,0.0176627717111654,0.0126809619987555,0.0170579682068297,0.726377299789063
"$1,001  -   $2,000",1001,2000,1500.5,"55-64","ks_55_64",4344.67950769822,0.191216623526571,0.0350043747676157,0.0176627717111654,0.0126809619987555,0.0170579682068297,0.726377299789063
"$1,001  -   $2,000",1001,2000,1500.5,"65+","ks_65p",891.704898354734,0.191216623526571,0.0350043747676157,0.0176627717111654,0.0126809619987555,0.0170579682068297,0.726377299789063
"$2,001  -   $3,000",2001,3000,2500.5,"Under 16","ks_u16",2111.49991851053,0.191216623526571,0.0350043747676157,0.0176627717111654,0.0126809619987555,0.0170579682068297,0.726377299789063
"$2,001  -   $3,000",2001,3000,2500.5,"16-17","ks_16_17",2232.72810836962,0.191216623526571,0.0350043747676157,0.0176627717111654,0.0126809619987555,0.0170579682068297,0.726377299789063
"$2,001  -   $3,000",2001,3000,2500.5,"18-24","ks_18_24",7164.67705436931,0.191216623526571,0.0350043747676157,0.0176627717111654,0.0126809619987555,0.0170579682068297,0.726377299789063
"$2,001  -   $3,000",2001,3000,2500.5,"25-34","ks_25_34",5556.61152561643,0.191216623526571,0.0350043747676157,0.0176627717111654,0.0126809619987555,0.0170579682068297,0.726377299789063
"$2,001  -   $3,000",2001,3000,2500.5,"35-44","ks_35_44",4527.52529364483,0.191216623526571,0.0350043747676157,0.0176627717111654,0.0126809619987555,0.0170579682068297,0.726377299789063
"$2,001  -   $3,000",2001,3000,2500.5,"45-54","ks_45_54",2864.53682704616,0.191216623526571,0.0350043747676157,0.0176627717111654,0.0126809619987555,0.0170579682068297,0.726377299789063
"$2,001  -   $3,000",2001,3000,2500.5,"55-64","ks_55_64",3338.09039403348,0.191216623526571,0.0350043747676157,0.0176627717111654,0.0126809619987555,0.0170579682068297,0.726377299789063
"$2,001  -   $3,000",2001,3000,2500.5,"65+","ks_65p",700.812060877035,0.191216623526571,0.0350043747676157,0.0176627717111654,0.0126809619987555,0.0170579682068297,0.726377299789063
"$3,001   -  $4,000",3001,4000,3500.5,"Under 16","ks_u16",1430.94113355736,0.191216623526571,0.0350043747676157,0.0176627717111654,0.0126809619987555,0.0170579682068297,0.726377299789063
"$3,001   -  $4,000",3001,4000,3500.5,"16-17","ks_16_17",1943.03215362286,0.191216623526571,0.0350043747676157,0.0176627717111654,0.0126809619987555,0.0170579682068297,0.726377299789063
"$3,001   -  $4,000",3001,4000,3500.5,"18-24","ks_18_24",6691.95963835406,0.191216623526571,0.0350043747676157,0.0176627717111654,0.0126809619987555,0.0170579682068297,0.726377299789063
"$3,001   -  $4,000",3001,4000,3500.5,"25-34","ks_25_34",5048.27797910893,0.191216623526571,0.0350043747676157,0.0176627717111654,0.0126809619987555,0.0170579682068297,0.726377299789063
"$3,001   -  $4,000",3001,4000,3500.5,"35-44","ks_35_44",3801.59296808152,0.191216623526571,0.0350043747676157,0.0176627717111654,0.0126809619987555,0.0170579682068297,0.726377299789063
"$3,001   -  $4,000",3001,4000,3500.5,"45-54","ks_45_54",2526.4858971463,0.191216623526571,0.0350043747676157,0.0176627717111654,0.0126809619987555,0.0170579682068297,0.726377299789063
"$3,001   -  $4,000",3001,4000,3500.5,"55-64","ks_55_64",2899.32078038475,0.191216623526571,0.0350043747676157,0.0176627717111654,0.0126809619987555,0.0170579682068297,0.726377299789063
"$3,001   -  $4,000",3001,4000,3500.5,"65+","ks_65p",643.282712596084,0.191216623526571,0.0350043747676157,0.0176627717111654,0.0126809619987555,0.0170579682068297,0.726377299789063
"$4,001   -  $5,000",4001,5000,4500.5,"Under 16","ks_u16",1179.04599886691,0.191216623526571,0.0350043747676157,0.0176627717111654,0.0126809619987555,0.0170579682068297,0.726377299789063
"$4,001   -  $5,000",4001,5000,4500.5,"16-17","ks_16_17",1808.53046034759,0.191216623526571,0.0350043747676157,0.0176627717111654,0.0126809619987555,0.0170579682068297,0.726377299789063
"$4,001   -  $5,000",4001,5000,4500.5,"18-24","ks_18_24",6442.70863718238,0.191216623526571,0.0350043747676157,0.0176627717111654,0.0126809619987555,0.0170579682068297,0.726377299789063
"$4,001   -  $5,000",4001,5000,4500.5,"25-34","ks_25_34",4741.52497690613,0.191216623526571,0.0350043747676157,0.0176627717111654,0.0126809619987555,0.0170579682068297,0.726377299789063
"$4,001   -  $5,000",4001,5000,4500.5,"35-44","ks_35_44",3610.55814556486,0.191216623526571,0.0350043747676157,0.0176627717111654,0.0126809619987555,0.0170579682068297,0.726377299789063
"$4,001   -  $5,000",4001,5000,4500.5,"45-54","ks_45_54",2232.91535275958,0.191216623526571,0.0350043747676157,0.0176627717111654,0.0126809619987555,0.0170579682068297,0.726377299789063
"$4,001   -  $5,000",4001,5000,4500.5,"55-64","ks_55_64",2667.03098492366,0.191216623526571,0.0350043747676157,0.0176627717111654,0.0126809619987555,0.0170579682068297,0.726377299789063
"$4,001   -  $5,000",4001,5000,4500.5,"65+","ks_65p",630.20786071405,0.191216623526571,0.0350043747676157,0.0176627717111654,0.0126809619987555,0.0170579682068297,0.726377299789063
"$5,001   -  $6,000",5001,6000,5500.5,"Under 16","ks_u16",1027.02507547477,0.191216623526571,0.0350043747676157,0.0176627717111654,0.0126809619987555,0.0170579682068297,0.726377299789063
"$5,001   -  $6,000",5001,6000,5500.5,"16-17","ks_16_17",1721.62167392356,0.191216623526571,0.0350043747676157,0.0176627717111654,0.0126809619987555,0.0170579682068297,0.726377299789063
"$5,001   -  $6,000",5001,6000,5500.5,"18-24","ks_18_24",6358.47898851057,0.191216623526571,0.0350043747676157,0.0176627717111654,0.0126809619987555,0.0170579682068297,0.726377299789063
"$5,001   -  $6,000",5001,6000,5500.5,"25-34","ks_25_34",4601.295033042,0.191216623526571,0.0350043747676157,0.0176627717111654,0.0126809619987555,0.0170579682068297,0.726377299789063
"$5,001   -  $6,000",5001,6000,5500.5,"35-44","ks_35_44",3419.5233230482,0.191216623526571,0.0350043747676157,0.0176627717111654,0.0126809619987555,0.0170579682068297,0.726377299789063
"$5,001   -  $6,000",5001,6000,5500.5,"45-54","ks_45_54",2117.26635042542,0.191216623526571,0.0350043747676157,0.0176627717111654,0.0126809619987555,0.0170579682068297,0.726377299789063
"$5,001   -  $6,000",5001,6000,5500.5,"55-64","ks_55_64",2529.37777279857,0.191216623526571,0.0350043747676157,0.0176627717111654,0.0126809619987555,0.0170579682068297,0.726377299789063
"$5,001   -  $6,000",5001,6000,5500.5,"65+","ks_65p",598.828216197168,0.191216623526571,0.0350043747676157,0.0176627717111654,0.0126809619987555,0.0170579682068297,0.726377299789063
"$6,001   -  $7,000",6001,7000,6500.5,"Under 16","ks_u16",947.479243467261,0.191216623526571,0.0350043747676157,0.0176627717111654,0.0126809619987555,0.0170579682068297,0.726377299789063
"$6,001   -  $7,000",6001,7000,6500.5,"16-17","ks_16_17",1659.54396933497,0.191216623526571,0.0350043747676157,0.0176627717111654,0.0126809619987555,0.0170579682068297,0.726377299789063
"$6,001   -  $7,000",6001,7000,6500.5,"18-24","ks_18_24",6169.39202210447,0.191216623526571,0.0350043747676157,0.0176627717111654,0.0126809619987555,0.0170579682068297,0.726377299789063
"$6,001   -  $7,000",6001,7000,6500.5,"25-34","ks_25_34",4382.18574575428,0.191216623526571,0.0350043747676157,0.0176627717111654,0.0126809619987555,0.0170579682068297,0.726377299789063
"$6,001   -  $7,000",6001,7000,6500.5,"35-44","ks_35_44",3161.62631265071,0.191216623526571,0.0350043747676157,0.0176627717111654,0.0126809619987555,0.0170579682068297,0.726377299789063
"$6,001   -  $7,000",6001,7000,6500.5,"45-54","ks_45_54",1992.72127098863,0.191216623526571,0.0350043747676157,0.0176627717111654,0.0126809619987555,0.0170579682068297,0.726377299789063
"$6,001   -  $7,000",6001,7000,6500.5,"55-64","ks_55_64",2391.72456067347,0.191216623526571,0.0350043747676157,0.0176627717111654,0.0126809619987555,0.0170579682068297,0.726377299789063
"$6,001   -  $7,000",6001,7000,6500.5,"65+","ks_65p",606.673127326388,0.191216623526571,0.0350043747676157,0.0176627717111654,0.0126809619987555,0.0170579682068297,0.726377299789063
"$7,001   -  $8,000",7001,8000,7500.5,"Under 16","ks_u16",905.938642307782,0.191216623526571,0.0350043747676157,0.0176627717111654,0.0126809619987555,0.0170579682068297,0.726377299789063
"$7,001   -  $8,000",7001,8000,7500.5,"16-17","ks_16_17",1562.28889881285,0.191216623526571,0.0350043747676157,0.0176627717111654,0.0126809619987555,0.0170579682068297,0.726377299789063
"$7,001   -  $8,000",7001,8000,7500.5,"18-24","ks_18_24",6059.37778710456,0.191216623526571,0.0350043747676157,0.0176627717111654,0.0126809619987555,0.0170579682068297,0.726377299789063
"$7,001   -  $8,000",7001,8000,7500.5,"25-34","ks_25_34",4513.65131812691,0.191216623526571,0.0350043747676157,0.0176627717111654,0.0126809619987555,0.0170579682068297,0.726377299789063
"$7,001   -  $8,000",7001,8000,7500.5,"35-44","ks_35_44",3247.59198278321,0.191216623526571,0.0350043747676157,0.0176627717111654,0.0126809619987555,0.0170579682068297,0.726377299789063
"$7,001   -  $8,000",7001,8000,7500.5,"45-54","ks_45_54",2037.20165650177,0.191216623526571,0.0350043747676157,0.0176627717111654,0.0126809619987555,0.0170579682068297,0.726377299789063
"$7,001   -  $8,000",7001,8000,7500.5,"55-64","ks_55_64",2331.50128036875,0.191216623526571,0.0350043747676157,0.0176627717111654,0.0126809619987555,0.0170579682068297,0.726377299789063
"$7,001   -  $8,000",7001,8000,7500.5,"65+","ks_65p",583.138393938726,0.191216623526571,0.0350043747676157,0.0176627717111654,0.0126809619987555,0.0170579682068297,0.726377299789063
"$8,001   -  $9,000",8001,9000,8500.5,"Under 16","ks_u16",789.271422030097,0.191216623526571,0.0350043747676157,0.0176627717111654,0.0126809619987555,0.0170579682068297,0.726377299789063
"$8,001   -  $9,000",8001,9000,8500.5,"16-17","ks_16_17",1485.72639648692,0.191216623526571,0.0350043747676157,0.0176627717111654,0.0126809619987555,0.0170579682068297,0.726377299789063
"$8,001   -  $9,000",8001,9000,8500.5,"18-24","ks_18_24",5932.17382788591,0.191216623526571,0.0350043747676157,0.0176627717111654,0.0126809619987555,0.0170579682068297,0.726377299789063
"$8,001   -  $9,000",8001,9000,8500.5,"25-34","ks_25_34",4452.30071768635,0.191216623526571,0.0350043747676157,0.0176627717111654,0.0126809619987555,0.0170579682068297,0.726377299789063
"$8,001   -  $9,000",8001,9000,8500.5,"35-44","ks_35_44",3199.83327715404,0.191216623526571,0.0350043747676157,0.0176627717111654,0.0126809619987555,0.0170579682068297,0.726377299789063
"$8,001   -  $9,000",8001,9000,8500.5,"45-54","ks_45_54",2099.47419622016,0.191216623526571,0.0350043747676157,0.0176627717111654,0.0126809619987555,0.0170579682068297,0.726377299789063
"$8,001   -  $9,000",8001,9000,8500.5,"55-64","ks_55_64",2340.10460612656,0.191216623526571,0.0350043747676157,0.0176627717111654,0.0126809619987555,0.0170579682068297,0.726377299789063
"$8,001   -  $9,000",8001,9000,8500.5,"65+","ks_65p",585.753364315133,0.191216623526571,0.0350043747676157,0.0176627717111654,0.0126809619987555,0.0170579682068297,0.726377299789063
"$9,001   - $10,000",9001,10000,9500.5,"Under 16","ks_u16",748.614663448479,0.191216623526571,0.0350043747676157,0.0176627717111654,0.0126809619987555,0.0170579682068297,0.726377299789063
"$9,001   - $10,000",9001,10000,9500.5,"16-17","ks_16_17",1421.57943507871,0.191216623526571,0.0350043747676157,0.0176627717111654,0.0126809619987555,0.0170579682068297,0.726377299789063
"$9,001   - $10,000",9001,10000,9500.5,"18-24","ks_18_24",6083.44340101079,0.191216623526571,0.0350043747676157,0.0176627717111654,0.0126809619987555,0.0170579682068297,0.726377299789063
"$9,001   - $10,000",9001,10000,9500.5,"25-34","ks_25_34",4277.01328785618,0.191216623526571,0.0350043747676157,0.0176627717111654,0.0126809619987555,0.0170579682068297,0.726377299789063
"$9,001   - $10,000",9001,10000,9500.5,"35-44","ks_35_44",3161.62631265071,0.191216623526571,0.0350043747676157,0.0176627717111654,0.0126809619987555,0.0170579682068297,0.726377299789063
"$9,001   - $10,000",9001,10000,9500.5,"45-54","ks_45_54",2019.40950229651,0.191216623526571,0.0350043747676157,0.0176627717111654,0.0126809619987555,0.0170579682068297,0.726377299789063
"$9,001   - $10,000",9001,10000,9500.5,"55-64","ks_55_64",2443.34451522038,0.191216623526571,0.0350043747676157,0.0176627717111654,0.0126809619987555,0.0170579682068297,0.726377299789063
"$9,001   - $10,000",9001,10000,9500.5,"65+","ks_65p",622.362949584829,0.191216623526571,0.0350043747676157,0.0176627717111654,0.0126809619987555,0.0170579682068297,0.726377299789063
"$10,001  - $11,000",10001,11000,10500.5,"Under 16","ks_u16",718.564015801197,0.370065800391483,0.06509935034043,0.0361031738060288,0.02418879093483,0.0328343830730363,0.471708501454192
"$10,001  - $11,000",10001,11000,10500.5,"16-17","ks_16_17",1392.60983960403,0.370065800391483,0.06509935034043,0.0361031738060288,0.02418879093483,0.0328343830730363,0.471708501454192
"$10,001  - $11,000",10001,11000,10500.5,"18-24","ks_18_24",6172.82996694822,0.370065800391483,0.06509935034043,0.0361031738060288,0.02418879093483,0.0328343830730363,0.471708501454192
"$10,001  - $11,000",10001,11000,10500.5,"25-34","ks_25_34",4347.12825978825,0.370065800391483,0.06509935034043,0.0361031738060288,0.02418879093483,0.0328343830730363,0.471708501454192
"$10,001  - $11,000",10001,11000,10500.5,"35-44","ks_35_44",3247.59198278321,0.370065800391483,0.06509935034043,0.0361031738060288,0.02418879093483,0.0328343830730363,0.471708501454192
"$10,001  - $11,000",10001,11000,10500.5,"45-54","ks_45_54",2170.64281304119,0.370065800391483,0.06509935034043,0.0361031738060288,0.02418879093483,0.0328343830730363,0.471708501454192
"$10,001  - $11,000",10001,11000,10500.5,"55-64","ks_55_64",2357.3112576422,0.370065800391483,0.06509935034043,0.0361031738060288,0.02418879093483,0.0328343830730363,0.471708501454192
"$10,001  - $11,000",10001,11000,10500.5,"65+","ks_65p",635.437801466863,0.370065800391483,0.06509935034043,0.0361031738060288,0.02418879093483,0.0328343830730363,0.471708501454192
"$11,001  - $12,000",11001,12000,11500.5,"Under 16","ks_u16",670.836516596689,0.370065800391483,0.06509935034043,0.0361031738060288,0.02418879093483,0.0328343830730363,0.471708501454192
"$11,001  - $12,000",11001,12000,11500.5,"16-17","ks_16_17",1342.94767593316,0.370065800391483,0.06509935034043,0.0361031738060288,0.02418879093483,0.0328343830730363,0.471708501454192
"$11,001  - $12,000",11001,12000,11500.5,"18-24","ks_18_24",6279.40625710438,0.370065800391483,0.06509935034043,0.0361031738060288,0.02418879093483,0.0328343830730363,0.471708501454192
"$11,001  - $12,000",11001,12000,11500.5,"25-34","ks_25_34",4443.53634619484,0.370065800391483,0.06509935034043,0.0361031738060288,0.02418879093483,0.0328343830730363,0.471708501454192
"$11,001  - $12,000",11001,12000,11500.5,"35-44","ks_35_44",3218.93675940571,0.370065800391483,0.06509935034043,0.0361031738060288,0.02418879093483,0.0328343830730363,0.471708501454192
"$11,001  - $12,000",11001,12000,11500.5,"45-54","ks_45_54",2170.64281304119,0.370065800391483,0.06509935034043,0.0361031738060288,0.02418879093483,0.0328343830730363,0.471708501454192
"$11,001  - $12,000",11001,12000,11500.5,"55-64","ks_55_64",2391.72456067347,0.370065800391483,0.06509935034043,0.0361031738060288,0.02418879093483,0.0328343830730363,0.471708501454192
"$11,001  - $12,000",11001,12000,11500.5,"65+","ks_65p",638.05277184327,0.370065800391483,0.06509935034043,0.0361031738060288,0.02418879093483,0.0328343830730363,0.471708501454192
"$12,001  - $13,000",12001,13000,12500.5,"Under 16","ks_u16",626.644387703627,0.370065800391483,0.06509935034043,0.0361031738060288,0.02418879093483,0.0328343830730363,0.471708501454192
"$12,001  - $13,000",12001,13000,12500.5,"16-17","ks_16_17",1291.21625544267,0.370065800391483,0.06509935034043,0.0361031738060288,0.02418879093483,0.0328343830730363,0.471708501454192
"$12,001  - $13,000",12001,13000,12500.5,"18-24","ks_18_24",6356.7600160887,0.370065800391483,0.06509935034043,0.0361031738060288,0.02418879093483,0.0328343830730363,0.471708501454192
"$12,001  - $13,000",12001,13000,12500.5,"25-34","ks_25_34",4513.65131812691,0.370065800391483,0.06509935034043,0.0361031738060288,0.02418879093483,0.0328343830730363,0.471708501454192
"$12,001  - $13,000",12001,13000,12500.5,"35-44","ks_35_44",3228.48850053154,0.370065800391483,0.06509935034043,0.0361031738060288,0.02418879093483,0.0328343830730363,0.471708501454192
"$12,001  - $13,000",12001,13000,12500.5,"45-54","ks_45_54",2250.70750696484,0.370065800391483,0.06509935034043,0.0361031738060288,0.02418879093483,0.0328343830730363,0.471708501454192
"$12,001  - $13,000",12001,13000,12500.5,"55-64","ks_55_64",2503.56779552511,0.370065800391483,0.06509935034043,0.0361031738060288,0.02418879093483,0.0328343830730363,0.471708501454192
"$12,001  - $13,000",12001,13000,12500.5,"65+","ks_65p",674.662357112966,0.370065800391483,0.06509935034043,0.0361031738060288,0.02418879093483,0.0328343830730363,0.471708501454192
"$13,001  - $14,000",13001,14000,13500.5,"Under 16","ks_u16",616.038276769292,0.370065800391483,0.06509935034043,0.0361031738060288,0.02418879093483,0.0328343830730363,0.471708501454192
"$13,001  - $14,000",13001,14000,13500.5,"16-17","ks_16_17",1256.03888950914,0.370065800391483,0.06509935034043,0.0361031738060288,0.02418879093483,0.0328343830730363,0.471708501454192
"$13,001  - $14,000",13001,14000,13500.5,"18-24","ks_18_24",6461.61733382299,0.370065800391483,0.06509935034043,0.0361031738060288,0.02418879093483,0.0328343830730363,0.471708501454192
"$13,001  - $14,000",13001,14000,13500.5,"25-34","ks_25_34",4434.77197470333,0.370065800391483,0.06509935034043,0.0361031738060288,0.02418879093483,0.0328343830730363,0.471708501454192
"$13,001  - $14,000",13001,14000,13500.5,"35-44","ks_35_44",3371.76461741904,0.370065800391483,0.06509935034043,0.0361031738060288,0.02418879093483,0.0328343830730363,0.471708501454192
"$13,001  - $14,000",13001,14000,13500.5,"45-54","ks_45_54",2197.33104434907,0.370065800391483,0.06509935034043,0.0361031738060288,0.02418879093483,0.0328343830730363,0.471708501454192
"$13,001  - $14,000",13001,14000,13500.5,"55-64","ks_55_64",2589.60105310329,0.370065800391483,0.06509935034043,0.0361031738060288,0.02418879093483,0.0328343830730363,0.471708501454192
"$13,001  - $14,000",13001,14000,13500.5,"65+","ks_65p",687.737208995,0.370065800391483,0.06509935034043,0.0361031738060288,0.02418879093483,0.0328343830730363,0.471708501454192
"$14,001  - $15,000",14001,15000,14500.5,"Under 16","ks_u16",620.457489658598,0.370065800391483,0.06509935034043,0.0361031738060288,0.02418879093483,0.0328343830730363,0.471708501454192
"$14,001  - $15,000",14001,15000,14500.5,"16-17","ks_16_17",1328.46287819582,0.370065800391483,0.06509935034043,0.0361031738060288,0.02418879093483,0.0328343830730363,0.471708501454192
"$14,001  - $15,000",14001,15000,14500.5,"18-24","ks_18_24",6779.62723186961,0.370065800391483,0.06509935034043,0.0361031738060288,0.02418879093483,0.0328343830730363,0.471708501454192
"$14,001  - $15,000",14001,15000,14500.5,"25-34","ks_25_34",4662.64563348256,0.370065800391483,0.06509935034043,0.0361031738060288,0.02418879093483,0.0328343830730363,0.471708501454192
"$14,001  - $15,000",14001,15000,14500.5,"35-44","ks_35_44",3419.5233230482,0.370065800391483,0.06509935034043,0.0361031738060288,0.02418879093483,0.0328343830730363,0.471708501454192
"$14,001  - $15,000",14001,15000,14500.5,"45-54","ks_45_54",2286.29181537535,0.370065800391483,0.06509935034043,0.0361031738060288,0.02418879093483,0.0328343830730363,0.471708501454192
"$14,001  - $15,000",14001,15000,14500.5,"55-64","ks_55_64",2667.03098492366,0.370065800391483,0.06509935034043,0.0361031738060288,0.02418879093483,0.0328343830730363,0.471708501454192
"$14,001  - $15,000",14001,15000,14500.5,"65+","ks_65p",706.042001629848,0.370065800391483,0.06509935034043,0.0361031738060288,0.02418879093483,0.0328343830730363,0.471708501454192
"$15,001  - $16,000",15001,16000,15500.5,"Under 16","ks_u16",521.467120938138,0.370065800391483,0.06509935034043,0.0361031738060288,0.02418879093483,0.0328343830730363,0.471708501454192
"$15,001  - $16,000",15001,16000,15500.5,"16-17","ks_16_17",1107.05239849652,0.370065800391483,0.06509935034043,0.0361031738060288,0.02418879093483,0.0328343830730363,0.471708501454192
"$15,001  - $16,000",15001,16000,15500.5,"18-24","ks_18_24",6893.07941171327,0.370065800391483,0.06509935034043,0.0361031738060288,0.02418879093483,0.0328343830730363,0.471708501454192
"$15,001  - $16,000",15001,16000,15500.5,"25-34","ks_25_34",4680.17437646557,0.370065800391483,0.06509935034043,0.0361031738060288,0.02418879093483,0.0328343830730363,0.471708501454192
"$15,001  - $16,000",15001,16000,15500.5,"35-44","ks_35_44",3381.31635854487,0.370065800391483,0.06509935034043,0.0361031738060288,0.02418879093483,0.0328343830730363,0.471708501454192
"$15,001  - $16,000",15001,16000,15500.5,"45-54","ks_45_54",2295.18789247798,0.370065800391483,0.06509935034043,0.0361031738060288,0.02418879093483,0.0328343830730363,0.471708501454192
"$15,001  - $16,000",15001,16000,15500.5,"55-64","ks_55_64",2796.08087129093,0.370065800391483,0.06509935034043,0.0361031738060288,0.02418879093483,0.0328343830730363,0.471708501454192
"$15,001  - $16,000",15001,16000,15500.5,"65+","ks_65p",740.036616523137,0.370065800391483,0.06509935034043,0.0361031738060288,0.02418879093483,0.0328343830730363,0.471708501454192
"$16,001  - $17,000",16001,17000,16500.5,"Under 16","ks_u16",478.158834622937,0.370065800391483,0.06509935034043,0.0361031738060288,0.02418879093483,0.0328343830730363,0.471708501454192
"$16,001  - $17,000",16001,17000,16500.5,"16-17","ks_16_17",1036.69766662945,0.370065800391483,0.06509935034043,0.0361031738060288,0.02418879093483,0.0328343830730363,0.471708501454192
"$16,001  - $17,000",16001,17000,16500.5,"18-24","ks_18_24",7480.96797999405,0.370065800391483,0.06509935034043,0.0361031738060288,0.02418879093483,0.0328343830730363,0.471708501454192
"$16,001  - $17,000",16001,17000,16500.5,"25-34","ks_25_34",5162.21480849854,0.370065800391483,0.06509935034043,0.0361031738060288,0.02418879093483,0.0328343830730363,0.471708501454192
"$16,001  - $17,000",16001,17000,16500.5,"35-44","ks_35_44",3744.28252132652,0.370065800391483,0.06509935034043,0.0361031738060288,0.02418879093483,0.0328343830730363,0.471708501454192
"$16,001  - $17,000",16001,17000,16500.5,"45-54","ks_45_54",3042.45836909871,0.370065800391483,0.06509935034043,0.0361031738060288,0.02418879093483,0.0328343830730363,0.471708501454192
"$16,001  - $17,000",16001,17000,16500.5,"55-64","ks_55_64",4817.86242437822,0.370065800391483,0.06509935034043,0.0361031738060288,0.02418879093483,0.0328343830730363,0.471708501454192
"$16,001  - $17,000",16001,17000,16500.5,"65+","ks_65p",1032.9132986807,0.370065800391483,0.06509935034043,0.0361031738060288,0.02418879093483,0.0328343830730363,0.471708501454192
"$17,001  - $18,000",17001,18000,17500.5,"Under 16","ks_u16",509.977167425942,0.370065800391483,0.06509935034043,0.0361031738060288,0.02418879093483,0.0328343830730363,0.471708501454192
"$17,001  - $18,000",17001,18000,17500.5,"16-17","ks_16_17",1111.19091213576,0.370065800391483,0.06509935034043,0.0361031738060288,0.02418879093483,0.0328343830730363,0.471708501454192
"$17,001  - $18,000",17001,18000,17500.5,"18-24","ks_18_24",12228.769809209,0.370065800391483,0.06509935034043,0.0361031738060288,0.02418879093483,0.0328343830730363,0.471708501454192
"$17,001  - $18,000",17001,18000,17500.5,"25-34","ks_25_34",7125.43402259646,0.370065800391483,0.06509935034043,0.0361031738060288,0.02418879093483,0.0328343830730363,0.471708501454192
"$17,001  - $18,000",17001,18000,17500.5,"35-44","ks_35_44",5616.42378198978,0.370065800391483,0.06509935034043,0.0361031738060288,0.02418879093483,0.0328343830730363,0.471708501454192
"$17,001  - $18,000",17001,18000,17500.5,"45-54","ks_45_54",3763.04061441157,0.370065800391483,0.06509935034043,0.0361031738060288,0.02418879093483,0.0328343830730363,0.471708501454192
"$17,001  - $18,000",17001,18000,17500.5,"55-64","ks_55_64",3622.00014404148,0.370065800391483,0.06509935034043,0.0361031738060288,0.02418879093483,0.0328343830730363,0.471708501454192
"$17,001  - $18,000",17001,18000,17500.5,"65+","ks_65p",805.410875933308,0.370065800391483,0.06509935034043,0.0361031738060288,0.02418879093483,0.0328343830730363,0.471708501454192
"$18,001  - $19,000",18001,19000,18500.5,"Under 16","ks_u16",406.567585816175,0.370065800391483,0.06509935034043,0.0361031738060288,0.02418879093483,0.0328343830730363,0.471708501454192
"$18,001  - $19,000",18001,19000,18500.5,"16-17","ks_16_17",889.780432436456,0.370065800391483,0.06509935034043,0.0361031738060288,0.02418879093483,0.0328343830730363,0.471708501454192
"$18,001  - $19,000",18001,19000,18500.5,"18-24","ks_18_24",6196.89558085445,0.370065800391483,0.06509935034043,0.0361031738060288,0.02418879093483,0.0328343830730363,0.471708501454192
"$18,001  - $19,000",18001,19000,18500.5,"25-34","ks_25_34",6222.70375897108,0.370065800391483,0.06509935034043,0.0361031738060288,0.02418879093483,0.0328343830730363,0.471708501454192
"$18,001  - $19,000",18001,19000,18500.5,"35-44","ks_35_44",4135.90390748567,0.370065800391483,0.06509935034043,0.0361031738060288,0.02418879093483,0.0328343830730363,0.471708501454192
"$18,001  - $19,000",18001,19000,18500.5,"45-54","ks_45_54",2757.78390181462,0.370065800391483,0.06509935034043,0.0361031738060288,0.02418879093483,0.0328343830730363,0.471708501454192
"$18,001  - $19,000",18001,19000,18500.5,"55-64","ks_55_64",3252.0571364553,0.370065800391483,0.06509935034043,0.0361031738060288,0.02418879093483,0.0328343830730363,0.471708501454192
"$18,001  - $19,000",18001,19000,18500.5,"65+","ks_65p",889.089927978327,0.370065800391483,0.06509935034043,0.0361031738060288,0.02418879093483,0.0328343830730363,0.471708501454192
"$19,001 -  $20,000",19001,20000,19500.5,"Under 16","ks_u16",398.613002615424,0.370065800391483,0.06509935034043,0.0361031738060288,0.02418879093483,0.0328343830730363,0.471708501454192
"$19,001 -  $20,000",19001,20000,19500.5,"16-17","ks_16_17",871.157121059879,0.370065800391483,0.06509935034043,0.0361031738060288,0.02418879093483,0.0328343830730363,0.471708501454192
"$19,001 -  $20,000",19001,20000,19500.5,"18-24","ks_18_24",6028.43628351083,0.370065800391483,0.06509935034043,0.0361031738060288,0.02418879093483,0.0328343830730363,0.471708501454192
"$19,001 -  $20,000",19001,20000,19500.5,"25-34","ks_25_34",7738.94002700206,0.370065800391483,0.06509935034043,0.0361031738060288,0.02418879093483,0.0328343830730363,0.471708501454192
"$19,001 -  $20,000",19001,20000,19500.5,"35-44","ks_35_44",5387.18199496979,0.370065800391483,0.06509935034043,0.0361031738060288,0.02418879093483,0.0328343830730363,0.471708501454192
"$19,001 -  $20,000",19001,20000,19500.5,"45-54","ks_45_54",4777.19340411114,0.370065800391483,0.06509935034043,0.0361031738060288,0.02418879093483,0.0328343830730363,0.471708501454192
"$19,001 -  $20,000",19001,20000,19500.5,"55-64","ks_55_64",7071.9337729266,0.370065800391483,0.06509935034043,0.0361031738060288,0.02418879093483,0.0328343830730363,0.471708501454192
"$19,001 -  $20,000",19001,20000,19500.5,"65+","ks_65p",1048.60312093915,0.370065800391483,0.06509935034043,0.0361031738060288,0.02418879093483,0.0328343830730363,0.471708501454192
"$20,000 -  $21,000",20001,21000,20500.5,"Under 16","ks_u16",342.047077632304,0.305383139251506,0.0573308796672607,0.0297030384732267,0.0204058925201105,0.0250046928982201,0.562172357189676
"$20,000 -  $21,000",20001,21000,20500.5,"16-17","ks_16_17",749.070968702319,0.305383139251506,0.0573308796672607,0.0297030384732267,0.0204058925201105,0.0250046928982201,0.562172357189676
"$20,000 -  $21,000",20001,21000,20500.5,"18-24","ks_18_24",5679.48488187049,0.305383139251506,0.0573308796672607,0.0297030384732267,0.0204058925201105,0.0250046928982201,0.562172357189676
"$20,000 -  $21,000",20001,21000,20500.5,"25-34","ks_25_34",15635.6387408513,0.305383139251506,0.0573308796672607,0.0297030384732267,0.0204058925201105,0.0250046928982201,0.562172357189676
"$20,000 -  $21,000",20001,21000,20500.5,"35-44","ks_35_44",13811.8176679545,0.305383139251506,0.0573308796672607,0.0297030384732267,0.0204058925201105,0.0250046928982201,0.562172357189676
"$20,000 -  $21,000",20001,21000,20500.5,"45-54","ks_45_54",14660.7350651306,0.305383139251506,0.0573308796672607,0.0297030384732267,0.0204058925201105,0.0250046928982201,0.562172357189676
"$20,000 -  $21,000",20001,21000,20500.5,"55-64","ks_55_64",17000.1716974489,0.305383139251506,0.0573308796672607,0.0297030384732267,0.0204058925201105,0.0250046928982201,0.562172357189676
"$20,000 -  $21,000",20001,21000,20500.5,"65+","ks_65p",1351.93968460234,0.305383139251506,0.0573308796672607,0.0297030384732267,0.0204058925201105,0.0250046928982201,0.562172357189676
"$21,001 -  $22,000",21001,22000,21500.5,"Under 16","ks_u16",321.718698341495,0.305383139251506,0.0573308796672607,0.0297030384732267,0.0204058925201105,0.0250046928982201,0.562172357189676
"$21,001 -  $22,000",21001,22000,21500.5,"16-17","ks_16_17",711.824345949165,0.305383139251506,0.0573308796672607,0.0297030384732267,0.0204058925201105,0.0250046928982201,0.562172357189676
"$21,001 -  $22,000",21001,22000,21500.5,"18-24","ks_18_24",5669.17104733924,0.305383139251506,0.0573308796672607,0.0297030384732267,0.0204058925201105,0.0250046928982201,0.562172357189676
"$21,001 -  $22,000",21001,22000,21500.5,"25-34","ks_25_34",5880.89327080225,0.305383139251506,0.0573308796672607,0.0297030384732267,0.0204058925201105,0.0250046928982201,0.562172357189676
"$21,001 -  $22,000",21001,22000,21500.5,"35-44","ks_35_44",4326.93873000233,0.305383139251506,0.0573308796672607,0.0297030384732267,0.0204058925201105,0.0250046928982201,0.562172357189676
"$21,001 -  $22,000",21001,22000,21500.5,"45-54","ks_45_54",3478.36614712748,0.305383139251506,0.0573308796672607,0.0297030384732267,0.0204058925201105,0.0250046928982201,0.562172357189676
"$21,001 -  $22,000",21001,22000,21500.5,"55-64","ks_55_64",5876.07149258987,0.305383139251506,0.0573308796672607,0.0297030384732267,0.0204058925201105,0.0250046928982201,0.562172357189676
"$21,001 -  $22,000",21001,22000,21500.5,"65+","ks_65p",2293.3290201088,0.305383139251506,0.0573308796672607,0.0297030384732267,0.0204058925201105,0.0250046928982201,0.562172357189676
"$22,001  - $23,000",22001,23000,22500.5,"Under 16","ks_u16",311.996429985021,0.305383139251506,0.0573308796672607,0.0297030384732267,0.0204058925201105,0.0250046928982201,0.562172357189676
"$22,001  - $23,000",22001,23000,22500.5,"16-17","ks_16_17",699.408805031447,0.305383139251506,0.0573308796672607,0.0297030384732267,0.0204058925201105,0.0250046928982201,0.562172357189676
"$22,001  - $23,000",22001,23000,22500.5,"18-24","ks_18_24",5674.32796460486,0.305383139251506,0.0573308796672607,0.0297030384732267,0.0204058925201105,0.0250046928982201,0.562172357189676
"$22,001  - $23,000",22001,23000,22500.5,"25-34","ks_25_34",6012.35884317487,0.305383139251506,0.0573308796672607,0.0297030384732267,0.0204058925201105,0.0250046928982201,0.562172357189676
"$22,001  - $23,000",22001,23000,22500.5,"35-44","ks_35_44",4326.93873000233,0.305383139251506,0.0573308796672607,0.0297030384732267,0.0204058925201105,0.0250046928982201,0.562172357189676
"$22,001  - $23,000",22001,23000,22500.5,"45-54","ks_45_54",3451.67791581959,0.305383139251506,0.0573308796672607,0.0297030384732267,0.0204058925201105,0.0250046928982201,0.562172357189676
"$22,001  - $23,000",22001,23000,22500.5,"55-64","ks_55_64",4422.10943951858,0.305383139251506,0.0573308796672607,0.0297030384732267,0.0204058925201105,0.0250046928982201,0.562172357189676
"$22,001  - $23,000",22001,23000,22500.5,"65+","ks_65p",21160.3402858842,0.305383139251506,0.0573308796672607,0.0297030384732267,0.0204058925201105,0.0250046928982201,0.562172357189676
"$23,001  - $24,000",23001,24000,23500.5,"Under 16","ks_u16",337.627864742998,0.305383139251506,0.0573308796672607,0.0297030384732267,0.0204058925201105,0.0250046928982201,0.562172357189676
"$23,001  - $24,000",23001,24000,23500.5,"16-17","ks_16_17",738.72468460422,0.305383139251506,0.0573308796672607,0.0297030384732267,0.0204058925201105,0.0250046928982201,0.562172357189676
"$23,001  - $24,000",23001,24000,23500.5,"18-24","ks_18_24",8756.44551702429,0.305383139251506,0.0573308796672607,0.0297030384732267,0.0204058925201105,0.0250046928982201,0.562172357189676
"$23,001  - $24,000",23001,24000,23500.5,"25-34","ks_25_34",12287.648831095,0.305383139251506,0.0573308796672607,0.0297030384732267,0.0204058925201105,0.0250046928982201,0.562172357189676
"$23,001  - $24,000",23001,24000,23500.5,"35-44","ks_35_44",11347.4684574896,0.305383139251506,0.0573308796672607,0.0297030384732267,0.0204058925201105,0.0250046928982201,0.562172357189676
"$23,001  - $24,000",23001,24000,23500.5,"45-54","ks_45_54",14465.0213688728,0.305383139251506,0.0573308796672607,0.0297030384732267,0.0204058925201105,0.0250046928982201,0.562172357189676
"$23,001  - $24,000",23001,24000,23500.5,"55-64","ks_55_64",23254.7895233827,0.305383139251506,0.0573308796672607,0.0297030384732267,0.0204058925201105,0.0250046928982201,0.562172357189676
"$23,001  - $24,000",23001,24000,23500.5,"65+","ks_65p",12860.4243111689,0.305383139251506,0.0573308796672607,0.0297030384732267,0.0204058925201105,0.0250046928982201,0.562172357189676
"$24,001  - $25,000",24001,25000,24500.5,"Under 16","ks_u16",249.243606956873,0.305383139251506,0.0573308796672607,0.0297030384732267,0.0204058925201105,0.0250046928982201,0.562172357189676
"$24,001  - $25,000",24001,25000,24500.5,"16-17","ks_16_17",552.49157083845,0.305383139251506,0.0573308796672607,0.0297030384732267,0.0204058925201105,0.0250046928982201,0.562172357189676
"$24,001  - $25,000",24001,25000,24500.5,"18-24","ks_18_24",5112.22398265219,0.305383139251506,0.0573308796672607,0.0297030384732267,0.0204058925201105,0.0250046928982201,0.562172357189676
"$24,001  - $25,000",24001,25000,24500.5,"25-34","ks_25_34",5828.30704185319,0.305383139251506,0.0573308796672607,0.0297030384732267,0.0204058925201105,0.0250046928982201,0.562172357189676
"$24,001  - $25,000",24001,25000,24500.5,"35-44","ks_35_44",4432.0078823865,0.305383139251506,0.0573308796672607,0.0297030384732267,0.0204058925201105,0.0250046928982201,0.562172357189676
"$24,001  - $25,000",24001,25000,24500.5,"45-54","ks_45_54",3255.96421956178,0.305383139251506,0.0573308796672607,0.0297030384732267,0.0204058925201105,0.0250046928982201,0.562172357189676
"$24,001  - $25,000",24001,25000,24500.5,"55-64","ks_55_64",3974.73650011203,0.305383139251506,0.0573308796672607,0.0297030384732267,0.0204058925201105,0.0250046928982201,0.562172357189676
"$24,001  - $25,000",24001,25000,24500.5,"65+","ks_65p",7201.62841662445,0.305383139251506,0.0573308796672607,0.0297030384732267,0.0204058925201105,0.0250046928982201,0.562172357189676
"$25,001  - $26,000",25001,26000,25500.5,"Under 16","ks_u16",236.869810866815,0.305383139251506,0.0573308796672607,0.0297030384732267,0.0204058925201105,0.0250046928982201,0.562172357189676
"$25,001  - $26,000",25001,26000,25500.5,"16-17","ks_16_17",523.521975363775,0.305383139251506,0.0573308796672607,0.0297030384732267,0.0204058925201105,0.0250046928982201,0.562172357189676
"$25,001  - $26,000",25001,26000,25500.5,"18-24","ks_18_24",4917.98009898047,0.305383139251506,0.0573308796672607,0.0297030384732267,0.0204058925201105,0.0250046928982201,0.562172357189676
"$25,001  - $26,000",25001,26000,25500.5,"25-34","ks_25_34",5740.66332693811,0.305383139251506,0.0573308796672607,0.0297030384732267,0.0204058925201105,0.0250046928982201,0.562172357189676
"$25,001  - $26,000",25001,26000,25500.5,"35-44","ks_35_44",4212.31783649234,0.305383139251506,0.0573308796672607,0.0297030384732267,0.0204058925201105,0.0250046928982201,0.562172357189676
"$25,001  - $26,000",25001,26000,25500.5,"45-54","ks_45_54",3086.93875461185,0.305383139251506,0.0573308796672607,0.0297030384732267,0.0204058925201105,0.0250046928982201,0.562172357189676
"$25,001  - $26,000",25001,26000,25500.5,"55-64","ks_55_64",3449.93362888512,0.305383139251506,0.0573308796672607,0.0297030384732267,0.0204058925201105,0.0250046928982201,0.562172357189676
"$25,001  - $26,000",25001,26000,25500.5,"65+","ks_65p",5745.08991696584,0.305383139251506,0.0573308796672607,0.0297030384732267,0.0204058925201105,0.0250046928982201,0.562172357189676
"$26,001  - $27,000",26001,27000,26500.5,"Under 16","ks_u16",203.283792908088,0.305383139251506,0.0573308796672607,0.0297030384732267,0.0204058925201105,0.0250046928982201,0.562172357189676
"$26,001  - $27,000",26001,27000,26500.5,"16-17","ks_16_17",455.236500316326,0.305383139251506,0.0573308796672607,0.0297030384732267,0.0204058925201105,0.0250046928982201,0.562172357189676
"$26,001  - $27,000",26001,27000,26500.5,"18-24","ks_18_24",4701.38957382439,0.305383139251506,0.0573308796672607,0.0297030384732267,0.0204058925201105,0.0250046928982201,0.562172357189676
"$26,001  - $27,000",26001,27000,26500.5,"25-34","ks_25_34",5766.95644141263,0.305383139251506,0.0573308796672607,0.0297030384732267,0.0204058925201105,0.0250046928982201,0.562172357189676
"$26,001  - $27,000",26001,27000,26500.5,"35-44","ks_35_44",4556.18051702233,0.305383139251506,0.0573308796672607,0.0297030384732267,0.0204058925201105,0.0250046928982201,0.562172357189676
"$26,001  - $27,000",26001,27000,26500.5,"45-54","ks_45_54",3291.54852797229,0.305383139251506,0.0573308796672607,0.0297030384732267,0.0204058925201105,0.0250046928982201,0.562172357189676
"$26,001  - $27,000",26001,27000,26500.5,"55-64","ks_55_64",3303.67709100221,0.305383139251506,0.0573308796672607,0.0297030384732267,0.0204058925201105,0.0250046928982201,0.562172357189676
"$26,001  - $27,000",26001,27000,26500.5,"65+","ks_65p",4777.55087769531,0.305383139251506,0.0573308796672607,0.0297030384732267,0.0204058925201105,0.0250046928982201,0.562172357189676
"$27,001  - $28,000",27001,28000,27500.5,"Under 16","ks_u16",198.864580018781,0.305383139251506,0.0573308796672607,0.0297030384732267,0.0204058925201105,0.0250046928982201,0.562172357189676
"$27,001  - $28,000",27001,28000,27500.5,"16-17","ks_16_17",444.890216218228,0.305383139251506,0.0573308796672607,0.0297030384732267,0.0204058925201105,0.0250046928982201,0.562172357189676
"$27,001  - $28,000",27001,28000,27500.5,"18-24","ks_18_24",4727.17416015249,0.305383139251506,0.0573308796672607,0.0297030384732267,0.0204058925201105,0.0250046928982201,0.562172357189676
"$27,001  - $28,000",27001,28000,27500.5,"25-34","ks_25_34",6354.16933134371,0.305383139251506,0.0573308796672607,0.0297030384732267,0.0204058925201105,0.0250046928982201,0.562172357189676
"$27,001  - $28,000",27001,28000,27500.5,"35-44","ks_35_44",4976.45712655898,0.305383139251506,0.0573308796672607,0.0297030384732267,0.0204058925201105,0.0250046928982201,0.562172357189676
"$27,001  - $28,000",27001,28000,27500.5,"45-54","ks_45_54",3255.96421956178,0.305383139251506,0.0573308796672607,0.0297030384732267,0.0204058925201105,0.0250046928982201,0.562172357189676
"$27,001  - $28,000",27001,28000,27500.5,"55-64","ks_55_64",3260.66046221312,0.305383139251506,0.0573308796672607,0.0297030384732267,0.0204058925201105,0.0250046928982201,0.562172357189676
"$27,001  - $28,000",27001,28000,27500.5,"65+","ks_65p",13563.8513424223,0.305383139251506,0.0573308796672607,0.0297030384732267,0.0204058925201105,0.0250046928982201,0.562172357189676
"$28,001  - $29,000",28001,29000,28500.5,"Under 16","ks_u16",199.748422596643,0.305383139251506,0.0573308796672607,0.0297030384732267,0.0204058925201105,0.0250046928982201,0.562172357189676
"$28,001  - $29,000",28001,29000,28500.5,"16-17","ks_16_17",457.305757135946,0.305383139251506,0.0573308796672607,0.0297030384732267,0.0204058925201105,0.0250046928982201,0.562172357189676
"$28,001  - $29,000",28001,29000,28500.5,"18-24","ks_18_24",8667.05895108686,0.305383139251506,0.0573308796672607,0.0297030384732267,0.0204058925201105,0.0250046928982201,0.562172357189676
"$28,001  - $29,000",28001,29000,28500.5,"25-34","ks_25_34",21008.198465146,0.305383139251506,0.0573308796672607,0.0297030384732267,0.0204058925201105,0.0250046928982201,0.562172357189676
"$28,001  - $29,000",28001,29000,28500.5,"35-44","ks_35_44",15951.4076801411,0.305383139251506,0.0573308796672607,0.0297030384732267,0.0204058925201105,0.0250046928982201,0.562172357189676
"$28,001  - $29,000",28001,29000,28500.5,"45-54","ks_45_54",7810.75569610722,0.305383139251506,0.0573308796672607,0.0297030384732267,0.0204058925201105,0.0250046928982201,0.562172357189676
"$28,001  - $29,000",28001,29000,28500.5,"55-64","ks_55_64",4404.90278800295,0.305383139251506,0.0573308796672607,0.0297030384732267,0.0204058925201105,0.0250046928982201,0.562172357189676
"$28,001  - $29,000",28001,29000,28500.5,"65+","ks_65p",5810.46417637601,0.305383139251506,0.0573308796672607,0.0297030384732267,0.0204058925201105,0.0250046928982201,0.562172357189676
"$29,001  - $30,000",29001,30000,29500.5,"Under 16","ks_u16",168.813932371499,0.305383139251506,0.0573308796672607,0.0297030384732267,0.0204058925201105,0.0250046928982201,0.562172357189676
"$29,001  - $30,000",29001,30000,29500.5,"16-17","ks_16_17",374.535484351159,0.305383139251506,0.0573308796672607,0.0297030384732267,0.0204058925201105,0.0250046928982201,0.562172357189676
"$29,001  - $30,000",29001,30000,29500.5,"18-24","ks_18_24",4593.09431124635,0.305383139251506,0.0573308796672607,0.0297030384732267,0.0204058925201105,0.0250046928982201,0.562172357189676
"$29,001  - $30,000",29001,30000,29500.5,"25-34","ks_25_34",6827.44539188517,0.305383139251506,0.0573308796672607,0.0297030384732267,0.0204058925201105,0.0250046928982201,0.562172357189676
"$29,001  - $30,000",29001,30000,29500.5,"35-44","ks_35_44",5110.18150232064,0.305383139251506,0.0573308796672607,0.0297030384732267,0.0204058925201105,0.0250046928982201,0.562172357189676
"$29,001  - $30,000",29001,30000,29500.5,"45-54","ks_45_54",3531.74260974324,0.305383139251506,0.0573308796672607,0.0297030384732267,0.0204058925201105,0.0250046928982201,0.562172357189676
"$29,001  - $30,000",29001,30000,29500.5,"55-64","ks_55_64",3441.3303031273,0.305383139251506,0.0573308796672607,0.0297030384732267,0.0204058925201105,0.0250046928982201,0.562172357189676
"$29,001  - $30,000",29001,30000,29500.5,"65+","ks_65p",4832.46525559985,0.305383139251506,0.0573308796672607,0.0297030384732267,0.0204058925201105,0.0250046928982201,0.562172357189676
"$30,001  - $31,000",30001,31000,30500.5,"Under 16","ks_u16",157.323978859303,0.436040155791329,0.0842811733201058,0.0410141990516218,0.0300271555396367,0.0341177512312208,0.374519565066085
"$30,001  - $31,000",30001,31000,30500.5,"16-17","ks_16_17",347.635145696104,0.436040155791329,0.0842811733201058,0.0410141990516218,0.0300271555396367,0.0341177512312208,0.374519565066085
"$30,001  - $31,000",30001,31000,30500.5,"18-24","ks_18_24",4118.65792280923,0.436040155791329,0.0842811733201058,0.0410141990516218,0.0300271555396367,0.0341177512312208,0.374519565066085
"$30,001  - $31,000",30001,31000,30500.5,"25-34","ks_25_34",6275.28998792013,0.436040155791329,0.0842811733201058,0.0410141990516218,0.0300271555396367,0.0341177512312208,0.374519565066085
"$30,001  - $31,000",30001,31000,30500.5,"35-44","ks_35_44",5043.31931443981,0.436040155791329,0.0842811733201058,0.0410141990516218,0.0300271555396367,0.0341177512312208,0.374519565066085
"$30,001  - $31,000",30001,31000,30500.5,"45-54","ks_45_54",3229.2759882539,0.436040155791329,0.0842811733201058,0.0410141990516218,0.0300271555396367,0.0341177512312208,0.374519565066085
"$30,001  - $31,000",30001,31000,30500.5,"55-64","ks_55_64",3217.64383342403,0.436040155791329,0.0842811733201058,0.0410141990516218,0.0300271555396367,0.0341177512312208,0.374519565066085
"$30,001  - $31,000",30001,31000,30500.5,"65+","ks_65p",23469.3591282514,0.436040155791329,0.0842811733201058,0.0410141990516218,0.0300271555396367,0.0341177512312208,0.374519565066085
"$31,001  - $32,000",31001,32000,31500.5,"Under 16","ks_u16",146.717867924968,0.436040155791329,0.0842811733201058,0.0410141990516218,0.0300271555396367,0.0341177512312208,0.374519565066085
"$31,001  - $32,000",31001,32000,31500.5,"16-17","ks_16_17",322.804063860668,0.436040155791329,0.0842811733201058,0.0410141990516218,0.0300271555396367,0.0341177512312208,0.374519565066085
"$31,001  - $32,000",31001,32000,31500.5,"18-24","ks_18_24",4068.80772257489,0.436040155791329,0.0842811733201058,0.0410141990516218,0.0300271555396367,0.0341177512312208,0.374519565066085
"$31,001  - $32,000",31001,32000,31500.5,"25-34","ks_25_34",6073.70944361543,0.436040155791329,0.0842811733201058,0.0410141990516218,0.0300271555396367,0.0341177512312208,0.374519565066085
"$31,001  - $32,000",31001,32000,31500.5,"35-44","ks_35_44",4823.62926854565,0.436040155791329,0.0842811733201058,0.0410141990516218,0.0300271555396367,0.0341177512312208,0.374519565066085
"$31,001  - $32,000",31001,32000,31500.5,"45-54","ks_45_54",3309.34068217755,0.436040155791329,0.0842811733201058,0.0410141990516218,0.0300271555396367,0.0341177512312208,0.374519565066085
"$31,001  - $32,000",31001,32000,31500.5,"55-64","ks_55_64",3157.4205531193,0.436040155791329,0.0842811733201058,0.0410141990516218,0.0300271555396367,0.0341177512312208,0.374519565066085
"$31,001  - $32,000",31001,32000,31500.5,"65+","ks_65p",6461.59180010132,0.436040155791329,0.0842811733201058,0.0410141990516218,0.0300271555396367,0.0341177512312208,0.374519565066085
"$32,001  - $33,000",32001,33000,32500.5,"Under 16","ks_u16",145.834025347106,0.436040155791329,0.0842811733201058,0.0410141990516218,0.0300271555396367,0.0341177512312208,0.374519565066085
"$32,001  - $33,000",32001,33000,32500.5,"16-17","ks_16_17",331.081091139146,0.436040155791329,0.0842811733201058,0.0410141990516218,0.0300271555396367,0.0341177512312208,0.374519565066085
"$32,001  - $33,000",32001,33000,32500.5,"18-24","ks_18_24",3996.6108808562,0.436040155791329,0.0842811733201058,0.0410141990516218,0.0300271555396367,0.0341177512312208,0.374519565066085
"$32,001  - $33,000",32001,33000,32500.5,"25-34","ks_25_34",6573.27861863142,0.436040155791329,0.0842811733201058,0.0410141990516218,0.0300271555396367,0.0341177512312208,0.374519565066085
"$32,001  - $33,000",32001,33000,32500.5,"35-44","ks_35_44",6008.04516814894,0.436040155791329,0.0842811733201058,0.0410141990516218,0.0300271555396367,0.0341177512312208,0.374519565066085
"$32,001  - $33,000",32001,33000,32500.5,"45-54","ks_45_54",4394.66208869814,0.436040155791329,0.0842811733201058,0.0410141990516218,0.0300271555396367,0.0341177512312208,0.374519565066085
"$32,001  - $33,000",32001,33000,32500.5,"55-64","ks_55_64",3596.19016676803,0.436040155791329,0.0842811733201058,0.0410141990516218,0.0300271555396367,0.0341177512312208,0.374519565066085
"$32,001  - $33,000",32001,33000,32500.5,"65+","ks_65p",5080.8874413585,0.436040155791329,0.0842811733201058,0.0410141990516218,0.0300271555396367,0.0341177512312208,0.374519565066085
"$33,001  - $34,000",33001,34000,33500.5,"Under 16","ks_u16",132.576386679188,0.436040155791329,0.0842811733201058,0.0410141990516218,0.0300271555396367,0.0341177512312208,0.374519565066085
"$33,001  - $34,000",33001,34000,33500.5,"16-17","ks_16_17",300.042238844851,0.436040155791329,0.0842811733201058,0.0410141990516218,0.0300271555396367,0.0341177512312208,0.374519565066085
"$33,001  - $34,000",33001,34000,33500.5,"18-24","ks_18_24",3850.49822499694,0.436040155791329,0.0842811733201058,0.0410141990516218,0.0300271555396367,0.0341177512312208,0.374519565066085
"$33,001  - $34,000",33001,34000,33500.5,"25-34","ks_25_34",5898.42201378526,0.436040155791329,0.0842811733201058,0.0410141990516218,0.0300271555396367,0.0341177512312208,0.374519565066085
"$33,001  - $34,000",33001,34000,33500.5,"35-44","ks_35_44",4766.31882179065,0.436040155791329,0.0842811733201058,0.0410141990516218,0.0300271555396367,0.0341177512312208,0.374519565066085
"$33,001  - $34,000",33001,34000,33500.5,"45-54","ks_45_54",3255.96421956178,0.436040155791329,0.0842811733201058,0.0410141990516218,0.0300271555396367,0.0341177512312208,0.374519565066085
"$33,001  - $34,000",33001,34000,33500.5,"55-64","ks_55_64",3200.43718190839,0.436040155791329,0.0842811733201058,0.0410141990516218,0.0300271555396367,0.0341177512312208,0.374519565066085
"$33,001  - $34,000",33001,34000,33500.5,"65+","ks_65p",4393.1502323635,0.436040155791329,0.0842811733201058,0.0410141990516218,0.0300271555396367,0.0341177512312208,0.374519565066085
"$34,001  - $35,000",34001,35000,34500.5,"Under 16","ks_u16",129.924858945604,0.436040155791329,0.0842811733201058,0.0410141990516218,0.0300271555396367,0.0341177512312208,0.374519565066085
"$34,001  - $35,000",34001,35000,34500.5,"16-17","ks_16_17",293.834468385992,0.436040155791329,0.0842811733201058,0.0410141990516218,0.0300271555396367,0.0341177512312208,0.374519565066085
"$34,001  - $35,000",34001,35000,34500.5,"18-24","ks_18_24",3719.85632093454,0.436040155791329,0.0842811733201058,0.0410141990516218,0.0300271555396367,0.0341177512312208,0.374519565066085
"$34,001  - $35,000",34001,35000,34500.5,"25-34","ks_25_34",5854.60015632772,0.436040155791329,0.0842811733201058,0.0410141990516218,0.0300271555396367,0.0341177512312208,0.374519565066085
"$34,001  - $35,000",34001,35000,34500.5,"35-44","ks_35_44",4718.56011616149,0.436040155791329,0.0842811733201058,0.0410141990516218,0.0300271555396367,0.0341177512312208,0.374519565066085
"$34,001  - $35,000",34001,35000,34500.5,"45-54","ks_45_54",3255.96421956178,0.436040155791329,0.0842811733201058,0.0410141990516218,0.0300271555396367,0.0341177512312208,0.374519565066085
"$34,001  - $35,000",34001,35000,34500.5,"55-64","ks_55_64",3079.99062129893,0.436040155791329,0.0842811733201058,0.0410141990516218,0.0300271555396367,0.0341177512312208,0.374519565066085
"$34,001  - $35,000",34001,35000,34500.5,"65+","ks_65p",3794.32201616633,0.436040155791329,0.0842811733201058,0.0410141990516218,0.0300271555396367,0.0341177512312208,0.374519565066085
"$35,001  - $36,000",35001,36000,35500.5,"Under 16","ks_u16",122.854118322714,0.436040155791329,0.0842811733201058,0.0410141990516218,0.0300271555396367,0.0341177512312208,0.374519565066085
"$35,001  - $36,000",35001,36000,35500.5,"16-17","ks_16_17",277.280413829035,0.436040155791329,0.0842811733201058,0.0410141990516218,0.0300271555396367,0.0341177512312208,0.374519565066085
"$35,001  - $36,000",35001,36000,35500.5,"18-24","ks_18_24",3614.99900320025,0.436040155791329,0.0842811733201058,0.0410141990516218,0.0300271555396367,0.0341177512312208,0.374519565066085
"$35,001  - $36,000",35001,36000,35500.5,"25-34","ks_25_34",5661.78398351453,0.436040155791329,0.0842811733201058,0.0410141990516218,0.0300271555396367,0.0341177512312208,0.374519565066085
"$35,001  - $36,000",35001,36000,35500.5,"35-44","ks_35_44",4565.73225814816,0.436040155791329,0.0842811733201058,0.0410141990516218,0.0300271555396367,0.0341177512312208,0.374519565066085
"$35,001  - $36,000",35001,36000,35500.5,"45-54","ks_45_54",3131.41914012499,0.436040155791329,0.0842811733201058,0.0410141990516218,0.0300271555396367,0.0341177512312208,0.374519565066085
"$35,001  - $36,000",35001,36000,35500.5,"55-64","ks_55_64",3054.18064402548,0.436040155791329,0.0842811733201058,0.0410141990516218,0.0300271555396367,0.0341177512312208,0.374519565066085
"$35,001  - $36,000",35001,36000,35500.5,"65+","ks_65p",3454.37586723344,0.436040155791329,0.0842811733201058,0.0410141990516218,0.0300271555396367,0.0341177512312208,0.374519565066085
"$36,001  - $37,000",36001,37000,36500.5,"Under 16","ks_u16",120.20259058913,0.436040155791329,0.0842811733201058,0.0410141990516218,0.0300271555396367,0.0341177512312208,0.374519565066085
"$36,001  - $37,000",36001,37000,36500.5,"16-17","ks_16_17",271.072643370176,0.436040155791329,0.0842811733201058,0.0410141990516218,0.0300271555396367,0.0341177512312208,0.374519565066085
"$36,001  - $37,000",36001,37000,36500.5,"18-24","ks_18_24",3544.52113390343,0.436040155791329,0.0842811733201058,0.0410141990516218,0.0300271555396367,0.0341177512312208,0.374519565066085
"$36,001  - $37,000",36001,37000,36500.5,"25-34","ks_25_34",5644.25524053151,0.436040155791329,0.0842811733201058,0.0410141990516218,0.0300271555396367,0.0341177512312208,0.374519565066085
"$36,001  - $37,000",36001,37000,36500.5,"35-44","ks_35_44",4594.38748152566,0.436040155791329,0.0842811733201058,0.0410141990516218,0.0300271555396367,0.0341177512312208,0.374519565066085
"$36,001  - $37,000",36001,37000,36500.5,"45-54","ks_45_54",3238.17206535652,0.436040155791329,0.0842811733201058,0.0410141990516218,0.0300271555396367,0.0341177512312208,0.374519565066085
"$36,001  - $37,000",36001,37000,36500.5,"55-64","ks_55_64",3045.57731826766,0.436040155791329,0.0842811733201058,0.0410141990516218,0.0300271555396367,0.0341177512312208,0.374519565066085
"$36,001  - $37,000",36001,37000,36500.5,"65+","ks_65p",3109.19977754774,0.436040155791329,0.0842811733201058,0.0410141990516218,0.0300271555396367,0.0341177512312208,0.374519565066085
"$37,001  - $38,000",37001,38000,37500.5,"Under 16","ks_u16",110.480322232656,0.436040155791329,0.0842811733201058,0.0410141990516218,0.0300271555396367,0.0341177512312208,0.374519565066085
"$37,001  - $38,000",37001,38000,37500.5,"16-17","ks_16_17",258.657102452458,0.436040155791329,0.0842811733201058,0.0410141990516218,0.0300271555396367,0.0341177512312208,0.374519565066085
"$37,001  - $38,000",37001,38000,37500.5,"18-24","ks_18_24",3575.46263749716,0.436040155791329,0.0842811733201058,0.0410141990516218,0.0300271555396367,0.0341177512312208,0.374519565066085
"$37,001  - $38,000",37001,38000,37500.5,"25-34","ks_25_34",5951.00824273431,0.436040155791329,0.0842811733201058,0.0410141990516218,0.0300271555396367,0.0341177512312208,0.374519565066085
"$37,001  - $38,000",37001,38000,37500.5,"35-44","ks_35_44",4842.73275079731,0.436040155791329,0.0842811733201058,0.0410141990516218,0.0300271555396367,0.0341177512312208,0.374519565066085
"$37,001  - $38,000",37001,38000,37500.5,"45-54","ks_45_54",3576.22299525638,0.436040155791329,0.0842811733201058,0.0410141990516218,0.0300271555396367,0.0341177512312208,0.374519565066085
"$37,001  - $38,000",37001,38000,37500.5,"55-64","ks_55_64",3578.98351525239,0.436040155791329,0.0842811733201058,0.0410141990516218,0.0300271555396367,0.0341177512312208,0.374519565066085
"$37,001  - $38,000",37001,38000,37500.5,"65+","ks_65p",2790.1733916261,0.436040155791329,0.0842811733201058,0.0410141990516218,0.0300271555396367,0.0341177512312208,0.374519565066085
"$38,001  - $39,000",38001,39000,38500.5,"Under 16","ks_u16",110.480322232656,0.436040155791329,0.0842811733201058,0.0410141990516218,0.0300271555396367,0.0341177512312208,0.374519565066085
"$38,001  - $39,000",38001,39000,38500.5,"16-17","ks_16_17",248.31081835436,0.436040155791329,0.0842811733201058,0.0410141990516218,0.0300271555396367,0.0341177512312208,0.374519565066085
"$38,001  - $39,000",38001,39000,38500.5,"18-24","ks_18_24",3403.56539530979,0.436040155791329,0.0842811733201058,0.0410141990516218,0.0300271555396367,0.0341177512312208,0.374519565066085
"$38,001  - $39,000",38001,39000,38500.5,"25-34","ks_25_34",5740.66332693811,0.436040155791329,0.0842811733201058,0.0410141990516218,0.0300271555396367,0.0341177512312208,0.374519565066085
"$38,001  - $39,000",38001,39000,38500.5,"35-44","ks_35_44",4661.24966940649,0.436040155791329,0.0842811733201058,0.0410141990516218,0.0300271555396367,0.0341177512312208,0.374519565066085
"$38,001  - $39,000",38001,39000,38500.5,"45-54","ks_45_54",3344.92499058806,0.436040155791329,0.0842811733201058,0.0410141990516218,0.0300271555396367,0.0341177512312208,0.374519565066085
"$38,001  - $39,000",38001,39000,38500.5,"55-64","ks_55_64",3329.48706827566,0.436040155791329,0.0842811733201058,0.0410141990516218,0.0300271555396367,0.0341177512312208,0.374519565066085
"$38,001  - $39,000",38001,39000,38500.5,"65+","ks_65p",2622.81528753607,0.436040155791329,0.0842811733201058,0.0410141990516218,0.0300271555396367,0.0341177512312208,0.374519565066085
"$39,001 -  $40,000",39001,40000,39500.5,"Under 16","ks_u16",102.525739031905,0.436040155791329,0.0842811733201058,0.0410141990516218,0.0300271555396367,0.0341177512312208,0.374519565066085
"$39,001 -  $40,000",39001,40000,39500.5,"16-17","ks_16_17",229.687506977783,0.436040155791329,0.0842811733201058,0.0410141990516218,0.0300271555396367,0.0341177512312208,0.374519565066085
"$39,001 -  $40,000",39001,40000,39500.5,"18-24","ks_18_24",3286.67527062239,0.436040155791329,0.0842811733201058,0.0410141990516218,0.0300271555396367,0.0341177512312208,0.374519565066085
"$39,001 -  $40,000",39001,40000,39500.5,"25-34","ks_25_34",5723.13458395509,0.436040155791329,0.0842811733201058,0.0410141990516218,0.0300271555396367,0.0341177512312208,0.374519565066085
"$39,001 -  $40,000",39001,40000,39500.5,"35-44","ks_35_44",4651.69792828066,0.436040155791329,0.0842811733201058,0.0410141990516218,0.0300271555396367,0.0341177512312208,0.374519565066085
"$39,001 -  $40,000",39001,40000,39500.5,"45-54","ks_45_54",3229.2759882539,0.436040155791329,0.0842811733201058,0.0410141990516218,0.0300271555396367,0.0341177512312208,0.374519565066085
"$39,001 -  $40,000",39001,40000,39500.5,"55-64","ks_55_64",3088.59394705675,0.436040155791329,0.0842811733201058,0.0410141990516218,0.0300271555396367,0.0341177512312208,0.374519565066085
"$39,001 -  $40,000",39001,40000,39500.5,"65+","ks_65p",2405.7727462943,0.436040155791329,0.0842811733201058,0.0410141990516218,0.0300271555396367,0.0341177512312208,0.374519565066085
"$40,001  - $41,000",40001,41000,40500.5,"Under 16","ks_u16",104.293424187628,0.516479006714829,0.108548946667622,0.0508889476278648,0.0388523068920866,0.0412649215807282,0.243965870516869
"$40,001  - $41,000",40001,41000,40500.5,"16-17","ks_16_17",244.17230471512,0.516479006714829,0.108548946667622,0.0508889476278648,0.0388523068920866,0.0412649215807282,0.243965870516869
"$40,001  - $41,000",40001,41000,40500.5,"18-24","ks_18_24",3345.12033296609,0.516479006714829,0.108548946667622,0.0508889476278648,0.0388523068920866,0.0412649215807282,0.243965870516869
"$40,001  - $41,000",40001,41000,40500.5,"25-34","ks_25_34",5758.19206992113,0.516479006714829,0.108548946667622,0.0508889476278648,0.0388523068920866,0.0412649215807282,0.243965870516869
"$40,001  - $41,000",40001,41000,40500.5,"35-44","ks_35_44",4670.80141053232,0.516479006714829,0.108548946667622,0.0508889476278648,0.0388523068920866,0.0412649215807282,0.243965870516869
"$40,001  - $41,000",40001,41000,40500.5,"45-54","ks_45_54",3318.23675928017,0.516479006714829,0.108548946667622,0.0508889476278648,0.0388523068920866,0.0412649215807282,0.243965870516869
"$40,001  - $41,000",40001,41000,40500.5,"55-64","ks_55_64",3191.83385615057,0.516479006714829,0.108548946667622,0.0508889476278648,0.0388523068920866,0.0412649215807282,0.243965870516869
"$40,001  - $41,000",40001,41000,40500.5,"65+","ks_65p",2238.41464220426,0.516479006714829,0.108548946667622,0.0508889476278648,0.0388523068920866,0.0412649215807282,0.243965870516869
"$41,001  - $42,000",41001,42000,41500.5,"Under 16","ks_u16",102.525739031905,0.516479006714829,0.108548946667622,0.0508889476278648,0.0388523068920866,0.0412649215807282,0.243965870516869
"$41,001  - $42,000",41001,42000,41500.5,"16-17","ks_16_17",240.033791075881,0.516479006714829,0.108548946667622,0.0508889476278648,0.0388523068920866,0.0412649215807282,0.243965870516869
"$41,001  - $42,000",41001,42000,41500.5,"18-24","ks_18_24",3355.43416749733,0.516479006714829,0.108548946667622,0.0508889476278648,0.0388523068920866,0.0412649215807282,0.243965870516869
"$41,001  - $42,000",41001,42000,41500.5,"25-34","ks_25_34",5609.19775456548,0.516479006714829,0.108548946667622,0.0508889476278648,0.0388523068920866,0.0412649215807282,0.243965870516869
"$41,001  - $42,000",41001,42000,41500.5,"35-44","ks_35_44",4632.59444602899,0.516479006714829,0.108548946667622,0.0508889476278648,0.0388523068920866,0.0412649215807282,0.243965870516869
"$41,001  - $42,000",41001,42000,41500.5,"45-54","ks_45_54",3327.1328363828,0.516479006714829,0.108548946667622,0.0508889476278648,0.0388523068920866,0.0412649215807282,0.243965870516869
"$41,001  - $42,000",41001,42000,41500.5,"55-64","ks_55_64",3114.40392433021,0.516479006714829,0.108548946667622,0.0508889476278648,0.0388523068920866,0.0412649215807282,0.243965870516869
"$41,001  - $42,000",41001,42000,41500.5,"65+","ks_65p",2084.13138999626,0.516479006714829,0.108548946667622,0.0508889476278648,0.0388523068920866,0.0412649215807282,0.243965870516869
"$42,001  - $43,000",42001,43000,42500.5,"Under 16","ks_u16",99.8742112983213,0.516479006714829,0.108548946667622,0.0508889476278648,0.0388523068920866,0.0412649215807282,0.243965870516869
"$42,001  - $43,000",42001,43000,42500.5,"16-17","ks_16_17",223.479736518924,0.516479006714829,0.108548946667622,0.0508889476278648,0.0388523068920866,0.0412649215807282,0.243965870516869
"$42,001  - $43,000",42001,43000,42500.5,"18-24","ks_18_24",3293.55116030988,0.516479006714829,0.108548946667622,0.0508889476278648,0.0388523068920866,0.0412649215807282,0.243965870516869
"$42,001  - $43,000",42001,43000,42500.5,"25-34","ks_25_34",5565.37589710794,0.516479006714829,0.108548946667622,0.0508889476278648,0.0388523068920866,0.0412649215807282,0.243965870516869
"$42,001  - $43,000",42001,43000,42500.5,"35-44","ks_35_44",4584.83574039982,0.516479006714829,0.108548946667622,0.0508889476278648,0.0388523068920866,0.0412649215807282,0.243965870516869
"$42,001  - $43,000",42001,43000,42500.5,"45-54","ks_45_54",3336.02891348543,0.516479006714829,0.108548946667622,0.0508889476278648,0.0388523068920866,0.0412649215807282,0.243965870516869
"$42,001  - $43,000",42001,43000,42500.5,"55-64","ks_55_64",3200.43718190839,0.516479006714829,0.108548946667622,0.0508889476278648,0.0388523068920866,0.0412649215807282,0.243965870516869
"$42,001  - $43,000",42001,43000,42500.5,"65+","ks_65p",2005.68227870405,0.516479006714829,0.108548946667622,0.0508889476278648,0.0388523068920866,0.0412649215807282,0.243965870516869
"$43,001  - $44,000",43001,44000,43500.5,"Under 16","ks_u16",112.248007388379,0.516479006714829,0.108548946667622,0.0508889476278648,0.0388523068920866,0.0412649215807282,0.243965870516869
"$43,001  - $44,000",43001,44000,43500.5,"16-17","ks_16_17",262.795616091697,0.516479006714829,0.108548946667622,0.0508889476278648,0.0388523068920866,0.0412649215807282,0.243965870516869
"$43,001  - $44,000",43001,44000,43500.5,"18-24","ks_18_24",3513.57963030971,0.516479006714829,0.108548946667622,0.0508889476278648,0.0388523068920866,0.0412649215807282,0.243965870516869
"$43,001  - $44,000",43001,44000,43500.5,"25-34","ks_25_34",5784.48518439565,0.516479006714829,0.108548946667622,0.0508889476278648,0.0388523068920866,0.0412649215807282,0.243965870516869
"$43,001  - $44,000",43001,44000,43500.5,"35-44","ks_35_44",4689.90489278399,0.516479006714829,0.108548946667622,0.0508889476278648,0.0388523068920866,0.0412649215807282,0.243965870516869
"$43,001  - $44,000",43001,44000,43500.5,"45-54","ks_45_54",3460.57399292222,0.516479006714829,0.108548946667622,0.0508889476278648,0.0388523068920866,0.0412649215807282,0.243965870516869
"$43,001  - $44,000",43001,44000,43500.5,"55-64","ks_55_64",3381.10702282257,0.516479006714829,0.108548946667622,0.0508889476278648,0.0388523068920866,0.0412649215807282,0.243965870516869
"$43,001  - $44,000",43001,44000,43500.5,"65+","ks_65p",1927.23316741185,0.516479006714829,0.108548946667622,0.0508889476278648,0.0388523068920866,0.0412649215807282,0.243965870516869
"$44,001  - $45,000",44001,45000,44500.5,"Under 16","ks_u16",98.9903687204601,0.516479006714829,0.108548946667622,0.0508889476278648,0.0388523068920866,0.0412649215807282,0.243965870516869
"$44,001  - $45,000",44001,45000,44500.5,"16-17","ks_16_17",231.756763797402,0.516479006714829,0.108548946667622,0.0508889476278648,0.0388523068920866,0.0412649215807282,0.243965870516869
"$44,001  - $45,000",44001,45000,44500.5,"18-24","ks_18_24",3401.84642288792,0.516479006714829,0.108548946667622,0.0508889476278648,0.0388523068920866,0.0412649215807282,0.243965870516869
"$44,001  - $45,000",44001,45000,44500.5,"25-34","ks_25_34",5863.36452781923,0.516479006714829,0.108548946667622,0.0508889476278648,0.0388523068920866,0.0412649215807282,0.243965870516869
"$44,001  - $45,000",44001,45000,44500.5,"35-44","ks_35_44",4594.38748152566,0.516479006714829,0.108548946667622,0.0508889476278648,0.0388523068920866,0.0412649215807282,0.243965870516869
"$44,001  - $45,000",44001,45000,44500.5,"45-54","ks_45_54",3469.47007002485,0.516479006714829,0.108548946667622,0.0508889476278648,0.0388523068920866,0.0412649215807282,0.243965870516869
"$44,001  - $45,000",44001,45000,44500.5,"55-64","ks_55_64",3303.67709100221,0.516479006714829,0.108548946667622,0.0508889476278648,0.0388523068920866,0.0412649215807282,0.243965870516869
"$44,001  - $45,000",44001,45000,44500.5,"65+","ks_65p",1801.71458934432,0.516479006714829,0.108548946667622,0.0508889476278648,0.0388523068920866,0.0412649215807282,0.243965870516869
"$45,001  - $46,000",45001,46000,45500.5,"Under 16","ks_u16",101.641896454044,0.516479006714829,0.108548946667622,0.0508889476278648,0.0388523068920866,0.0412649215807282,0.243965870516869
"$45,001  - $46,000",45001,46000,45500.5,"16-17","ks_16_17",237.964534256261,0.516479006714829,0.108548946667622,0.0508889476278648,0.0388523068920866,0.0412649215807282,0.243965870516869
"$45,001  - $46,000",45001,46000,45500.5,"18-24","ks_18_24",3394.97053320043,0.516479006714829,0.108548946667622,0.0508889476278648,0.0388523068920866,0.0412649215807282,0.243965870516869
"$45,001  - $46,000",45001,46000,45500.5,"25-34","ks_25_34",5793.24955588716,0.516479006714829,0.108548946667622,0.0508889476278648,0.0388523068920866,0.0412649215807282,0.243965870516869
"$45,001  - $46,000",45001,46000,45500.5,"35-44","ks_35_44",4689.90489278399,0.516479006714829,0.108548946667622,0.0508889476278648,0.0388523068920866,0.0412649215807282,0.243965870516869
"$45,001  - $46,000",45001,46000,45500.5,"45-54","ks_45_54",3505.05437843536,0.516479006714829,0.108548946667622,0.0508889476278648,0.0388523068920866,0.0412649215807282,0.243965870516869
"$45,001  - $46,000",45001,46000,45500.5,"55-64","ks_55_64",3372.50369706475,0.516479006714829,0.108548946667622,0.0508889476278648,0.0388523068920866,0.0412649215807282,0.243965870516869
"$45,001  - $46,000",45001,46000,45500.5,"65+","ks_65p",1757.2600929454,0.516479006714829,0.108548946667622,0.0508889476278648,0.0388523068920866,0.0412649215807282,0.243965870516869
"$46,001  - $47,000",46001,47000,46500.5,"Under 16","ks_u16",104.293424187628,0.516479006714829,0.108548946667622,0.0508889476278648,0.0388523068920866,0.0412649215807282,0.243965870516869
"$46,001  - $47,000",46001,47000,46500.5,"16-17","ks_16_17",233.826020617022,0.516479006714829,0.108548946667622,0.0508889476278648,0.0388523068920866,0.0412649215807282,0.243965870516869
"$46,001  - $47,000",46001,47000,46500.5,"18-24","ks_18_24",3577.18160991903,0.516479006714829,0.108548946667622,0.0508889476278648,0.0388523068920866,0.0412649215807282,0.243965870516869
"$46,001  - $47,000",46001,47000,46500.5,"25-34","ks_25_34",6082.47381510694,0.516479006714829,0.108548946667622,0.0508889476278648,0.0388523068920866,0.0412649215807282,0.243965870516869
"$46,001  - $47,000",46001,47000,46500.5,"35-44","ks_35_44",4804.52578629398,0.516479006714829,0.108548946667622,0.0508889476278648,0.0388523068920866,0.0412649215807282,0.243965870516869
"$46,001  - $47,000",46001,47000,46500.5,"45-54","ks_45_54",3567.32691815375,0.516479006714829,0.108548946667622,0.0508889476278648,0.0388523068920866,0.0412649215807282,0.243965870516869
"$46,001  - $47,000",46001,47000,46500.5,"55-64","ks_55_64",3381.10702282257,0.516479006714829,0.108548946667622,0.0508889476278648,0.0388523068920866,0.0412649215807282,0.243965870516869
"$46,001  - $47,000",46001,47000,46500.5,"65+","ks_65p",1694.50080391164,0.516479006714829,0.108548946667622,0.0508889476278648,0.0388523068920866,0.0412649215807282,0.243965870516869
"$47,001  - $48,000",47001,48000,47500.5,"Under 16","ks_u16",141.4148124578,0.516479006714829,0.108548946667622,0.0508889476278648,0.0388523068920866,0.0412649215807282,0.243965870516869
"$47,001  - $48,000",47001,48000,47500.5,"16-17","ks_16_17",320.734807041048,0.516479006714829,0.108548946667622,0.0508889476278648,0.0388523068920866,0.0412649215807282,0.243965870516869
"$47,001  - $48,000",47001,48000,47500.5,"18-24","ks_18_24",4228.67215780914,0.516479006714829,0.108548946667622,0.0508889476278648,0.0388523068920866,0.0412649215807282,0.243965870516869
"$47,001  - $48,000",47001,48000,47500.5,"25-34","ks_25_34",6634.62921907198,0.516479006714829,0.108548946667622,0.0508889476278648,0.0388523068920866,0.0412649215807282,0.243965870516869
"$47,001  - $48,000",47001,48000,47500.5,"35-44","ks_35_44",5807.45860450644,0.516479006714829,0.108548946667622,0.0508889476278648,0.0388523068920866,0.0412649215807282,0.243965870516869
"$47,001  - $48,000",47001,48000,47500.5,"45-54","ks_45_54",4430.24639710865,0.516479006714829,0.108548946667622,0.0508889476278648,0.0388523068920866,0.0412649215807282,0.243965870516869
"$47,001  - $48,000",47001,48000,47500.5,"55-64","ks_55_64",4310.26620466694,0.516479006714829,0.108548946667622,0.0508889476278648,0.0388523068920866,0.0412649215807282,0.243965870516869
"$47,001  - $48,000",47001,48000,47500.5,"65+","ks_65p",1874.93375988371,0.516479006714829,0.108548946667622,0.0508889476278648,0.0388523068920866,0.0412649215807282,0.243965870516869
"$48,001  - $49,000",48001,49000,48500.5,"Under 16","ks_u16",118.434905433408,0.516479006714829,0.108548946667622,0.0508889476278648,0.0388523068920866,0.0412649215807282,0.243965870516869
"$48,001  - $49,000",48001,49000,48500.5,"16-17","ks_16_17",266.934129730937,0.516479006714829,0.108548946667622,0.0508889476278648,0.0388523068920866,0.0412649215807282,0.243965870516869
"$48,001  - $49,000",48001,49000,48500.5,"18-24","ks_18_24",3933.00890124687,0.516479006714829,0.108548946667622,0.0508889476278648,0.0388523068920866,0.0412649215807282,0.243965870516869
"$48,001  - $49,000",48001,49000,48500.5,"25-34","ks_25_34",6652.157962055,0.516479006714829,0.108548946667622,0.0508889476278648,0.0388523068920866,0.0412649215807282,0.243965870516869
"$48,001  - $49,000",48001,49000,48500.5,"35-44","ks_35_44",5664.18248761895,0.516479006714829,0.108548946667622,0.0508889476278648,0.0388523068920866,0.0412649215807282,0.243965870516869
"$48,001  - $49,000",48001,49000,48500.5,"45-54","ks_45_54",4252.32485505609,0.516479006714829,0.108548946667622,0.0508889476278648,0.0388523068920866,0.0412649215807282,0.243965870516869
"$48,001  - $49,000",48001,49000,48500.5,"55-64","ks_55_64",3948.92652283858,0.516479006714829,0.108548946667622,0.0508889476278648,0.0388523068920866,0.0412649215807282,0.243965870516869
"$48,001  - $49,000",48001,49000,48500.5,"65+","ks_65p",1710.19062617008,0.516479006714829,0.108548946667622,0.0508889476278648,0.0388523068920866,0.0412649215807282,0.243965870516869
"$49,001  - $50,000",49001,50000,49500.5,"Under 16","ks_u16",101.641896454044,0.516479006714829,0.108548946667622,0.0508889476278648,0.0388523068920866,0.0412649215807282,0.243965870516869
"$49,001  - $50,000",49001,50000,49500.5,"16-17","ks_16_17",237.964534256261,0.516479006714829,0.108548946667622,0.0508889476278648,0.0388523068920866,0.0412649215807282,0.243965870516869
"$49,001  - $50,000",49001,50000,49500.5,"18-24","ks_18_24",3927.85198398125,0.516479006714829,0.108548946667622,0.0508889476278648,0.0388523068920866,0.0412649215807282,0.243965870516869
"$49,001  - $50,000",49001,50000,49500.5,"25-34","ks_25_34",6336.64058836069,0.516479006714829,0.108548946667622,0.0508889476278648,0.0388523068920866,0.0412649215807282,0.243965870516869
"$49,001  - $50,000",49001,50000,49500.5,"35-44","ks_35_44",5052.87105556564,0.516479006714829,0.108548946667622,0.0508889476278648,0.0388523068920866,0.0412649215807282,0.243965870516869
"$49,001  - $50,000",49001,50000,49500.5,"45-54","ks_45_54",3932.06607936149,0.516479006714829,0.108548946667622,0.0508889476278648,0.0388523068920866,0.0412649215807282,0.243965870516869
"$49,001  - $50,000",49001,50000,49500.5,"55-64","ks_55_64",3768.25668192439,0.516479006714829,0.108548946667622,0.0508889476278648,0.0388523068920866,0.0412649215807282,0.243965870516869
"$49,001  - $50,000",49001,50000,49500.5,"65+","ks_65p",1498.37802568112,0.516479006714829,0.108548946667622,0.0508889476278648,0.0388523068920866,0.0412649215807282,0.243965870516869
"$50,000  - $51,000",50001,51000,50500.5,"Under 16","ks_u16",98.9903687204601,0.569923181005645,0.134888245578858,0.0610344875208316,0.0474882909061847,0.0473690904231157,0.139296704565365
"$50,000  - $51,000",50001,51000,50500.5,"16-17","ks_16_17",221.410479699304,0.569923181005645,0.134888245578858,0.0610344875208316,0.0474882909061847,0.0473690904231157,0.139296704565365
"$50,000  - $51,000",50001,51000,50500.5,"18-24","ks_18_24",4003.48677054369,0.569923181005645,0.134888245578858,0.0610344875208316,0.0474882909061847,0.0473690904231157,0.139296704565365
"$50,000  - $51,000",50001,51000,50500.5,"25-34","ks_25_34",6625.86484758047,0.569923181005645,0.134888245578858,0.0610344875208316,0.0474882909061847,0.0473690904231157,0.139296704565365
"$50,000  - $51,000",50001,51000,50500.5,"35-44","ks_35_44",5243.9058780823,0.569923181005645,0.134888245578858,0.0610344875208316,0.0474882909061847,0.0473690904231157,0.139296704565365
"$50,000  - $51,000",50001,51000,50500.5,"45-54","ks_45_54",4029.9229274904,0.569923181005645,0.134888245578858,0.0610344875208316,0.0474882909061847,0.0473690904231157,0.139296704565365
"$50,000  - $51,000",50001,51000,50500.5,"55-64","ks_55_64",3854.28993950258,0.569923181005645,0.134888245578858,0.0610344875208316,0.0474882909061847,0.0473690904231157,0.139296704565365
"$50,000  - $51,000",50001,51000,50500.5,"65+","ks_65p",1474.84329229346,0.569923181005645,0.134888245578858,0.0610344875208316,0.0474882909061847,0.0473690904231157,0.139296704565365
"$51,001  - $52,000",51001,52000,51500.5,"Under 16","ks_u16",88.3842577861251,0.569923181005645,0.134888245578858,0.0610344875208316,0.0474882909061847,0.0473690904231157,0.139296704565365
"$51,001  - $52,000",51001,52000,51500.5,"16-17","ks_16_17",206.925681961966,0.569923181005645,0.134888245578858,0.0610344875208316,0.0474882909061847,0.0473690904231157,0.139296704565365
"$51,001  - $52,000",51001,52000,51500.5,"18-24","ks_18_24",4048.18005351241,0.569923181005645,0.134888245578858,0.0610344875208316,0.0474882909061847,0.0473690904231157,0.139296704565365
"$51,001  - $52,000",51001,52000,51500.5,"25-34","ks_25_34",6643.39359056349,0.569923181005645,0.134888245578858,0.0610344875208316,0.0474882909061847,0.0473690904231157,0.139296704565365
"$51,001  - $52,000",51001,52000,51500.5,"35-44","ks_35_44",5205.69891357897,0.569923181005645,0.134888245578858,0.0610344875208316,0.0474882909061847,0.0473690904231157,0.139296704565365
"$51,001  - $52,000",51001,52000,51500.5,"45-54","ks_45_54",4092.19546720879,0.569923181005645,0.134888245578858,0.0610344875208316,0.0474882909061847,0.0473690904231157,0.139296704565365
"$51,001  - $52,000",51001,52000,51500.5,"55-64","ks_55_64",3888.70324253385,0.569923181005645,0.134888245578858,0.0610344875208316,0.0474882909061847,0.0473690904231157,0.139296704565365
"$51,001  - $52,000",51001,52000,51500.5,"65+","ks_65p",1380.70435874281,0.569923181005645,0.134888245578858,0.0610344875208316,0.0474882909061847,0.0473690904231157,0.139296704565365
"$52,001  - $53,000",52001,53000,52500.5,"Under 16","ks_u16",88.3842577861251,0.569923181005645,0.134888245578858,0.0610344875208316,0.0474882909061847,0.0473690904231157,0.139296704565365
"$52,001  - $53,000",52001,53000,52500.5,"16-17","ks_16_17",206.925681961966,0.569923181005645,0.134888245578858,0.0610344875208316,0.0474882909061847,0.0473690904231157,0.139296704565365
"$52,001  - $53,000",52001,53000,52500.5,"18-24","ks_18_24",4134.12867460609,0.569923181005645,0.134888245578858,0.0610344875208316,0.0474882909061847,0.0473690904231157,0.139296704565365
"$52,001  - $53,000",52001,53000,52500.5,"25-34","ks_25_34",6897.56036381724,0.569923181005645,0.134888245578858,0.0610344875208316,0.0474882909061847,0.0473690904231157,0.139296704565365
"$52,001  - $53,000",52001,53000,52500.5,"35-44","ks_35_44",5339.42328934063,0.569923181005645,0.134888245578858,0.0610344875208316,0.0474882909061847,0.0473690904231157,0.139296704565365
"$52,001  - $53,000",52001,53000,52500.5,"45-54","ks_45_54",4243.42877795347,0.569923181005645,0.134888245578858,0.0610344875208316,0.0474882909061847,0.0473690904231157,0.139296704565365
"$52,001  - $53,000",52001,53000,52500.5,"55-64","ks_55_64",3983.33982586985,0.569923181005645,0.134888245578858,0.0610344875208316,0.0474882909061847,0.0473690904231157,0.139296704565365
"$52,001  - $53,000",52001,53000,52500.5,"65+","ks_65p",1357.16962535515,0.569923181005645,0.134888245578858,0.0610344875208316,0.0474882909061847,0.0473690904231157,0.139296704565365
"$53,001  - $54,000",53001,54000,53500.5,"Under 16","ks_u16",79.5458320075126,0.569923181005645,0.134888245578858,0.0610344875208316,0.0474882909061847,0.0473690904231157,0.139296704565365
"$53,001  - $54,000",53001,54000,53500.5,"16-17","ks_16_17",186.23311376577,0.569923181005645,0.134888245578858,0.0610344875208316,0.0474882909061847,0.0473690904231157,0.139296704565365
"$53,001  - $54,000",53001,54000,53500.5,"18-24","ks_18_24",4039.58519140304,0.569923181005645,0.134888245578858,0.0610344875208316,0.0474882909061847,0.0473690904231157,0.139296704565365
"$53,001  - $54,000",53001,54000,53500.5,"25-34","ks_25_34",7178.02025154551,0.569923181005645,0.134888245578858,0.0610344875208316,0.0474882909061847,0.0473690904231157,0.139296704565365
"$53,001  - $54,000",53001,54000,53500.5,"35-44","ks_35_44",5434.94070059896,0.569923181005645,0.134888245578858,0.0610344875208316,0.0474882909061847,0.0473690904231157,0.139296704565365
"$53,001  - $54,000",53001,54000,53500.5,"45-54","ks_45_54",4314.59739477449,0.569923181005645,0.134888245578858,0.0610344875208316,0.0474882909061847,0.0473690904231157,0.139296704565365
"$53,001  - $54,000",53001,54000,53500.5,"55-64","ks_55_64",4009.14980314331,0.569923181005645,0.134888245578858,0.0610344875208316,0.0474882909061847,0.0473690904231157,0.139296704565365
"$53,001  - $54,000",53001,54000,53500.5,"65+","ks_65p",1268.26063255732,0.569923181005645,0.134888245578858,0.0610344875208316,0.0474882909061847,0.0473690904231157,0.139296704565365
"$54,001  - $55,000",54001,55000,54500.5,"Under 16","ks_u16",77.7781468517901,0.569923181005645,0.134888245578858,0.0610344875208316,0.0474882909061847,0.0473690904231157,0.139296704565365
"$54,001  - $55,000",54001,55000,54500.5,"16-17","ks_16_17",182.09460012653,0.569923181005645,0.134888245578858,0.0610344875208316,0.0474882909061847,0.0473690904231157,0.139296704565365
"$54,001  - $55,000",54001,55000,54500.5,"18-24","ks_18_24",4032.70930171554,0.569923181005645,0.134888245578858,0.0610344875208316,0.0474882909061847,0.0473690904231157,0.139296704565365
"$54,001  - $55,000",54001,55000,54500.5,"25-34","ks_25_34",7335.77893839267,0.569923181005645,0.134888245578858,0.0610344875208316,0.0474882909061847,0.0473690904231157,0.139296704565365
"$54,001  - $55,000",54001,55000,54500.5,"35-44","ks_35_44",5549.56159410895,0.569923181005645,0.134888245578858,0.0610344875208316,0.0474882909061847,0.0473690904231157,0.139296704565365
"$54,001  - $55,000",54001,55000,54500.5,"45-54","ks_45_54",4439.14247421128,0.569923181005645,0.134888245578858,0.0610344875208316,0.0474882909061847,0.0473690904231157,0.139296704565365
"$54,001  - $55,000",54001,55000,54500.5,"55-64","ks_55_64",4146.8030152684,0.569923181005645,0.134888245578858,0.0610344875208316,0.0474882909061847,0.0473690904231157,0.139296704565365
"$54,001  - $55,000",54001,55000,54500.5,"65+","ks_65p",1221.191165782,0.569923181005645,0.134888245578858,0.0610344875208316,0.0474882909061847,0.0473690904231157,0.139296704565365
"$55,001  - $56,000",55001,56000,55500.5,"Under 16","ks_u16",67.172035917455,0.569923181005645,0.134888245578858,0.0610344875208316,0.0474882909061847,0.0473690904231157,0.139296704565365
"$55,001  - $56,000",55001,56000,55500.5,"16-17","ks_16_17",157.263518291094,0.569923181005645,0.134888245578858,0.0610344875208316,0.0474882909061847,0.0473690904231157,0.139296704565365
"$55,001  - $56,000",55001,56000,55500.5,"18-24","ks_18_24",4060.21286046552,0.569923181005645,0.134888245578858,0.0610344875208316,0.0474882909061847,0.0473690904231157,0.139296704565365
"$55,001  - $56,000",55001,56000,55500.5,"25-34","ks_25_34",7230.60648049456,0.569923181005645,0.134888245578858,0.0610344875208316,0.0474882909061847,0.0473690904231157,0.139296704565365
"$55,001  - $56,000",55001,56000,55500.5,"35-44","ks_35_44",5692.83771099645,0.569923181005645,0.134888245578858,0.0610344875208316,0.0474882909061847,0.0473690904231157,0.139296704565365
"$55,001  - $56,000",55001,56000,55500.5,"45-54","ks_45_54",4385.76601159551,0.569923181005645,0.134888245578858,0.0610344875208316,0.0474882909061847,0.0473690904231157,0.139296704565365
"$55,001  - $56,000",55001,56000,55500.5,"55-64","ks_55_64",4146.8030152684,0.569923181005645,0.134888245578858,0.0610344875208316,0.0474882909061847,0.0473690904231157,0.139296704565365
"$55,001  - $56,000",55001,56000,55500.5,"65+","ks_65p",1184.5815805123,0.569923181005645,0.134888245578858,0.0610344875208316,0.0474882909061847,0.0473690904231157,0.139296704565365
"$56,001  - $57,000",56001,57000,56500.5,"Under 16","ks_u16",60.9851378724263,0.569923181005645,0.134888245578858,0.0610344875208316,0.0474882909061847,0.0473690904231157,0.139296704565365
"$56,001  - $57,000",56001,57000,56500.5,"16-17","ks_16_17",142.778720553757,0.569923181005645,0.134888245578858,0.0610344875208316,0.0474882909061847,0.0473690904231157,0.139296704565365
"$56,001  - $57,000",56001,57000,56500.5,"18-24","ks_18_24",3864.25000437193,0.569923181005645,0.134888245578858,0.0610344875208316,0.0474882909061847,0.0473690904231157,0.139296704565365
"$56,001  - $57,000",56001,57000,56500.5,"25-34","ks_25_34",7370.8364243587,0.569923181005645,0.134888245578858,0.0610344875208316,0.0474882909061847,0.0473690904231157,0.139296704565365
"$56,001  - $57,000",56001,57000,56500.5,"35-44","ks_35_44",5778.80338112895,0.569923181005645,0.134888245578858,0.0610344875208316,0.0474882909061847,0.0473690904231157,0.139296704565365
"$56,001  - $57,000",56001,57000,56500.5,"45-54","ks_45_54",4519.20716813493,0.569923181005645,0.134888245578858,0.0610344875208316,0.0474882909061847,0.0473690904231157,0.139296704565365
"$56,001  - $57,000",56001,57000,56500.5,"55-64","ks_55_64",4129.59636375276,0.569923181005645,0.134888245578858,0.0610344875208316,0.0474882909061847,0.0473690904231157,0.139296704565365
"$56,001  - $57,000",56001,57000,56500.5,"65+","ks_65p",1150.58696561901,0.569923181005645,0.134888245578858,0.0610344875208316,0.0474882909061847,0.0473690904231157,0.139296704565365
"$57,001  - $58,000",57001,58000,57500.5,"Under 16","ks_u16",55.6820824052588,0.569923181005645,0.134888245578858,0.0610344875208316,0.0474882909061847,0.0473690904231157,0.139296704565365
"$57,001  - $58,000",57001,58000,57500.5,"16-17","ks_16_17",130.363179636039,0.569923181005645,0.134888245578858,0.0610344875208316,0.0474882909061847,0.0473690904231157,0.139296704565365
"$57,001  - $58,000",57001,58000,57500.5,"18-24","ks_18_24",3680.31995523145,0.569923181005645,0.134888245578858,0.0610344875208316,0.0474882909061847,0.0473690904231157,0.139296704565365
"$57,001  - $58,000",57001,58000,57500.5,"25-34","ks_25_34",7554.88822568038,0.569923181005645,0.134888245578858,0.0610344875208316,0.0474882909061847,0.0473690904231157,0.139296704565365
"$57,001  - $58,000",57001,58000,57500.5,"35-44","ks_35_44",5893.42427463894,0.569923181005645,0.134888245578858,0.0610344875208316,0.0474882909061847,0.0473690904231157,0.139296704565365
"$57,001  - $58,000",57001,58000,57500.5,"45-54","ks_45_54",4652.64832467435,0.569923181005645,0.134888245578858,0.0610344875208316,0.0474882909061847,0.0473690904231157,0.139296704565365
"$57,001  - $58,000",57001,58000,57500.5,"55-64","ks_55_64",4250.04292436222,0.569923181005645,0.134888245578858,0.0610344875208316,0.0474882909061847,0.0473690904231157,0.139296704565365
"$57,001  - $58,000",57001,58000,57500.5,"65+","ks_65p",1113.97738034932,0.569923181005645,0.134888245578858,0.0610344875208316,0.0474882909061847,0.0473690904231157,0.139296704565365
"$58,001  - $59,000",58001,59000,58500.5,"Under 16","ks_u16",47.7274992045075,0.569923181005645,0.134888245578858,0.0610344875208316,0.0474882909061847,0.0473690904231157,0.139296704565365
"$58,001  - $59,000",58001,59000,58500.5,"16-17","ks_16_17",111.739868259462,0.569923181005645,0.134888245578858,0.0610344875208316,0.0474882909061847,0.0473690904231157,0.139296704565365
"$58,001  - $59,000",58001,59000,58500.5,"18-24","ks_18_24",3554.83496843467,0.569923181005645,0.134888245578858,0.0610344875208316,0.0474882909061847,0.0473690904231157,0.139296704565365
"$58,001  - $59,000",58001,59000,58500.5,"25-34","ks_25_34",7712.64691252754,0.569923181005645,0.134888245578858,0.0610344875208316,0.0474882909061847,0.0473690904231157,0.139296704565365
"$58,001  - $59,000",58001,59000,58500.5,"35-44","ks_35_44",5988.94168589727,0.569923181005645,0.134888245578858,0.0610344875208316,0.0474882909061847,0.0473690904231157,0.139296704565365
"$58,001  - $59,000",58001,59000,58500.5,"45-54","ks_45_54",4652.64832467435,0.569923181005645,0.134888245578858,0.0610344875208316,0.0474882909061847,0.0473690904231157,0.139296704565365
"$58,001  - $59,000",58001,59000,58500.5,"55-64","ks_55_64",4258.64625012003,0.569923181005645,0.134888245578858,0.0610344875208316,0.0474882909061847,0.0473690904231157,0.139296704565365
"$58,001  - $59,000",58001,59000,58500.5,"65+","ks_65p",1064.29294319759,0.569923181005645,0.134888245578858,0.0610344875208316,0.0474882909061847,0.0473690904231157,0.139296704565365
"$59,001  - $60,000",59001,60000,59500.5,"Under 16","ks_u16",47.7274992045075,0.569923181005645,0.134888245578858,0.0610344875208316,0.0474882909061847,0.0473690904231157,0.139296704565365
"$59,001  - $60,000",59001,60000,59500.5,"16-17","ks_16_17",111.739868259462,0.569923181005645,0.134888245578858,0.0610344875208316,0.0474882909061847,0.0473690904231157,0.139296704565365
"$59,001  - $60,000",59001,60000,59500.5,"18-24","ks_18_24",3511.86065788783,0.569923181005645,0.134888245578858,0.0610344875208316,0.0474882909061847,0.0473690904231157,0.139296704565365
"$59,001  - $60,000",59001,60000,59500.5,"25-34","ks_25_34",7660.06068357848,0.569923181005645,0.134888245578858,0.0610344875208316,0.0474882909061847,0.0473690904231157,0.139296704565365
"$59,001  - $60,000",59001,60000,59500.5,"35-44","ks_35_44",6103.56257940727,0.569923181005645,0.134888245578858,0.0610344875208316,0.0474882909061847,0.0473690904231157,0.139296704565365
"$59,001  - $60,000",59001,60000,59500.5,"45-54","ks_45_54",4652.64832467435,0.569923181005645,0.134888245578858,0.0610344875208316,0.0474882909061847,0.0473690904231157,0.139296704565365
"$59,001  - $60,000",59001,60000,59500.5,"55-64","ks_55_64",4301.66287890913,0.569923181005645,0.134888245578858,0.0610344875208316,0.0474882909061847,0.0473690904231157,0.139296704565365
"$59,001  - $60,000",59001,60000,59500.5,"65+","ks_65p",1014.60850604586,0.569923181005645,0.134888245578858,0.0610344875208316,0.0474882909061847,0.0473690904231157,0.139296704565365
"$60,001  - $61,000",60001,61000,60500.5,"Under 16","ks_u16",42.42444373734,0.590216500912475,0.15353016336581,0.0653055265908836,0.0507237926098897,0.0513905067198029,0.0888335098011386
"$60,001  - $61,000",60001,61000,60500.5,"16-17","ks_16_17",99.3243273417439,0.590216500912475,0.15353016336581,0.0653055265908836,0.0507237926098897,0.0513905067198029,0.0888335098011386
"$60,001  - $61,000",60001,61000,60500.5,"18-24","ks_18_24",3336.52547085672,0.590216500912475,0.15353016336581,0.0653055265908836,0.0507237926098897,0.0513905067198029,0.0888335098011386
"$60,001  - $61,000",60001,61000,60500.5,"25-34","ks_25_34",7940.52057130676,0.590216500912475,0.15353016336581,0.0653055265908836,0.0507237926098897,0.0513905067198029,0.0888335098011386
"$60,001  - $61,000",60001,61000,60500.5,"35-44","ks_35_44",6189.52824953976,0.590216500912475,0.15353016336581,0.0653055265908836,0.0507237926098897,0.0513905067198029,0.0888335098011386
"$60,001  - $61,000",60001,61000,60500.5,"45-54","ks_45_54",4955.11494616369,0.590216500912475,0.15353016336581,0.0653055265908836,0.0507237926098897,0.0513905067198029,0.0888335098011386
"$60,001  - $61,000",60001,61000,60500.5,"55-64","ks_55_64",4447.91941679204,0.590216500912475,0.15353016336581,0.0653055265908836,0.0507237926098897,0.0513905067198029,0.0888335098011386
"$60,001  - $61,000",60001,61000,60500.5,"65+","ks_65p",1001.53365416382,0.590216500912475,0.15353016336581,0.0653055265908836,0.0507237926098897,0.0513905067198029,0.0888335098011386
"$61,001  - $62,000",61001,62000,61500.5,"Under 16","ks_u16",36.2375456923113,0.590216500912475,0.15353016336581,0.0653055265908836,0.0507237926098897,0.0513905067198029,0.0888335098011386
"$61,001  - $62,000",61001,62000,61500.5,"16-17","ks_16_17",84.8395296044062,0.590216500912475,0.15353016336581,0.0653055265908836,0.0507237926098897,0.0513905067198029,0.0888335098011386
"$61,001  - $62,000",61001,62000,61500.5,"18-24","ks_18_24",3174.9420632006,0.590216500912475,0.15353016336581,0.0653055265908836,0.0507237926098897,0.0513905067198029,0.0888335098011386
"$61,001  - $62,000",61001,62000,61500.5,"25-34","ks_25_34",7712.64691252754,0.590216500912475,0.15353016336581,0.0653055265908836,0.0507237926098897,0.0513905067198029,0.0888335098011386
"$61,001  - $62,000",61001,62000,61500.5,"35-44","ks_35_44",5902.97601576477,0.590216500912475,0.15353016336581,0.0653055265908836,0.0507237926098897,0.0513905067198029,0.0888335098011386
"$61,001  - $62,000",61001,62000,61500.5,"45-54","ks_45_54",4759.40124990588,0.590216500912475,0.15353016336581,0.0653055265908836,0.0507237926098897,0.0513905067198029,0.0888335098011386
"$61,001  - $62,000",61001,62000,61500.5,"55-64","ks_55_64",4284.45622739349,0.590216500912475,0.15353016336581,0.0653055265908836,0.0507237926098897,0.0513905067198029,0.0888335098011386
"$61,001  - $62,000",61001,62000,61500.5,"65+","ks_65p",951.849217012092,0.590216500912475,0.15353016336581,0.0653055265908836,0.0507237926098897,0.0513905067198029,0.0888335098011386
"$62,001  - $63,000",62001,63000,62500.5,"Under 16","ks_u16",33.5860179587275,0.590216500912475,0.15353016336581,0.0653055265908836,0.0507237926098897,0.0513905067198029,0.0888335098011386
"$62,001  - $63,000",62001,63000,62500.5,"16-17","ks_16_17",78.6317591455472,0.590216500912475,0.15353016336581,0.0653055265908836,0.0507237926098897,0.0513905067198029,0.0888335098011386
"$62,001  - $63,000",62001,63000,62500.5,"18-24","ks_18_24",2949.75667593516,0.590216500912475,0.15353016336581,0.0653055265908836,0.0507237926098897,0.0513905067198029,0.0888335098011386
"$62,001  - $63,000",62001,63000,62500.5,"25-34","ks_25_34",7852.87685639167,0.590216500912475,0.15353016336581,0.0653055265908836,0.0507237926098897,0.0513905067198029,0.0888335098011386
"$62,001  - $63,000",62001,63000,62500.5,"35-44","ks_35_44",6208.63173179143,0.590216500912475,0.15353016336581,0.0653055265908836,0.0507237926098897,0.0513905067198029,0.0888335098011386
"$62,001  - $63,000",62001,63000,62500.5,"45-54","ks_45_54",4866.15417513741,0.590216500912475,0.15353016336581,0.0653055265908836,0.0507237926098897,0.0513905067198029,0.0888335098011386
"$62,001  - $63,000",62001,63000,62500.5,"55-64","ks_55_64",4533.95267437022,0.590216500912475,0.15353016336581,0.0653055265908836,0.0507237926098897,0.0513905067198029,0.0888335098011386
"$62,001  - $63,000",62001,63000,62500.5,"65+","ks_65p",944.004305882871,0.590216500912475,0.15353016336581,0.0653055265908836,0.0507237926098897,0.0513905067198029,0.0888335098011386
"$63,001  - $64,000",63001,64000,63500.5,"Under 16","ks_u16",28.28296249156,0.590216500912475,0.15353016336581,0.0653055265908836,0.0507237926098897,0.0513905067198029,0.0888335098011386
"$63,001  - $64,000",63001,64000,63500.5,"16-17","ks_16_17",66.2162182278293,0.590216500912475,0.15353016336581,0.0653055265908836,0.0507237926098897,0.0513905067198029,0.0888335098011386
"$63,001  - $64,000",63001,64000,63500.5,"18-24","ks_18_24",2903.34442054457,0.590216500912475,0.15353016336581,0.0653055265908836,0.0507237926098897,0.0513905067198029,0.0888335098011386
"$63,001  - $64,000",63001,64000,63500.5,"25-34","ks_25_34",7476.0088822568,0.590216500912475,0.15353016336581,0.0653055265908836,0.0507237926098897,0.0513905067198029,0.0888335098011386
"$63,001  - $64,000",63001,64000,63500.5,"35-44","ks_35_44",6008.04516814894,0.590216500912475,0.15353016336581,0.0653055265908836,0.0507237926098897,0.0513905067198029,0.0888335098011386
"$63,001  - $64,000",63001,64000,63500.5,"45-54","ks_45_54",4803.88163541902,0.590216500912475,0.15353016336581,0.0653055265908836,0.0507237926098897,0.0513905067198029,0.0888335098011386
"$63,001  - $64,000",63001,64000,63500.5,"55-64","ks_55_64",4413.50611376076,0.590216500912475,0.15353016336581,0.0653055265908836,0.0507237926098897,0.0513905067198029,0.0888335098011386
"$63,001  - $64,000",63001,64000,63500.5,"65+","ks_65p",910.009690989582,0.590216500912475,0.15353016336581,0.0653055265908836,0.0507237926098897,0.0513905067198029,0.0888335098011386
"$64,001  - $65,000",64001,65000,64500.5,"Under 16","ks_u16",29.1668050694213,0.590216500912475,0.15353016336581,0.0653055265908836,0.0507237926098897,0.0513905067198029,0.0888335098011386
"$64,001  - $65,000",64001,65000,64500.5,"16-17","ks_16_17",68.2854750474489,0.590216500912475,0.15353016336581,0.0653055265908836,0.0507237926098897,0.0513905067198029,0.0888335098011386
"$64,001  - $65,000",64001,65000,64500.5,"18-24","ks_18_24",2820.83374429463,0.590216500912475,0.15353016336581,0.0653055265908836,0.0507237926098897,0.0513905067198029,0.0888335098011386
"$64,001  - $65,000",64001,65000,64500.5,"25-34","ks_25_34",7703.88254103603,0.590216500912475,0.15353016336581,0.0653055265908836,0.0507237926098897,0.0513905067198029,0.0888335098011386
"$64,001  - $65,000",64001,65000,64500.5,"35-44","ks_35_44",6065.35561490393,0.590216500912475,0.15353016336581,0.0653055265908836,0.0507237926098897,0.0513905067198029,0.0888335098011386
"$64,001  - $65,000",64001,65000,64500.5,"45-54","ks_45_54",4759.40124990588,0.590216500912475,0.15353016336581,0.0653055265908836,0.0507237926098897,0.0513905067198029,0.0888335098011386
"$64,001  - $65,000",64001,65000,64500.5,"55-64","ks_55_64",4387.69613648731,0.590216500912475,0.15353016336581,0.0653055265908836,0.0507237926098897,0.0513905067198029,0.0888335098011386
"$64,001  - $65,000",64001,65000,64500.5,"65+","ks_65p",923.084542871616,0.590216500912475,0.15353016336581,0.0653055265908836,0.0507237926098897,0.0513905067198029,0.0888335098011386
"$65,001  - $66,000",65001,66000,65500.5,"Under 16","ks_u16",27.3991199136988,0.590216500912475,0.15353016336581,0.0653055265908836,0.0507237926098897,0.0513905067198029,0.0888335098011386
"$65,001  - $66,000",65001,66000,65500.5,"16-17","ks_16_17",64.1469614082096,0.590216500912475,0.15353016336581,0.0653055265908836,0.0507237926098897,0.0513905067198029,0.0888335098011386
"$65,001  - $66,000",65001,66000,65500.5,"18-24","ks_18_24",2659.25033663851,0.590216500912475,0.15353016336581,0.0653055265908836,0.0507237926098897,0.0513905067198029,0.0888335098011386
"$65,001  - $66,000",65001,66000,65500.5,"25-34","ks_25_34",7476.0088822568,0.590216500912475,0.15353016336581,0.0653055265908836,0.0507237926098897,0.0513905067198029,0.0888335098011386
"$65,001  - $66,000",65001,66000,65500.5,"35-44","ks_35_44",6084.4590971556,0.590216500912475,0.15353016336581,0.0653055265908836,0.0507237926098897,0.0513905067198029,0.0888335098011386
"$65,001  - $66,000",65001,66000,65500.5,"45-54","ks_45_54",4866.15417513741,0.590216500912475,0.15353016336581,0.0653055265908836,0.0507237926098897,0.0513905067198029,0.0888335098011386
"$65,001  - $66,000",65001,66000,65500.5,"55-64","ks_55_64",4258.64625012003,0.590216500912475,0.15353016336581,0.0653055265908836,0.0507237926098897,0.0513905067198029,0.0888335098011386
"$65,001  - $66,000",65001,66000,65500.5,"65+","ks_65p",883.859987225514,0.590216500912475,0.15353016336581,0.0653055265908836,0.0507237926098897,0.0513905067198029,0.0888335098011386
"$66,001  - $67,000",66001,67000,66500.5,"Under 16","ks_u16",21.21222186867,0.590216500912475,0.15353016336581,0.0653055265908836,0.0507237926098897,0.0513905067198029,0.0888335098011386
"$66,001  - $67,000",66001,67000,66500.5,"16-17","ks_16_17",49.6621636708719,0.590216500912475,0.15353016336581,0.0653055265908836,0.0507237926098897,0.0513905067198029,0.0888335098011386
"$66,001  - $67,000",66001,67000,66500.5,"18-24","ks_18_24",2575.0206879667,0.590216500912475,0.15353016336581,0.0653055265908836,0.0507237926098897,0.0513905067198029,0.0888335098011386
"$66,001  - $67,000",66001,67000,66500.5,"25-34","ks_25_34",7344.54330988417,0.590216500912475,0.15353016336581,0.0653055265908836,0.0507237926098897,0.0513905067198029,0.0888335098011386
"$66,001  - $67,000",66001,67000,66500.5,"35-44","ks_35_44",6122.66606165893,0.590216500912475,0.15353016336581,0.0653055265908836,0.0507237926098897,0.0513905067198029,0.0888335098011386
"$66,001  - $67,000",66001,67000,66500.5,"45-54","ks_45_54",4714.92086439274,0.590216500912475,0.15353016336581,0.0653055265908836,0.0507237926098897,0.0513905067198029,0.0888335098011386
"$66,001  - $67,000",66001,67000,66500.5,"55-64","ks_55_64",4413.50611376076,0.590216500912475,0.15353016336581,0.0653055265908836,0.0507237926098897,0.0513905067198029,0.0888335098011386
"$66,001  - $67,000",66001,67000,66500.5,"65+","ks_65p",886.474957601921,0.590216500912475,0.15353016336581,0.0653055265908836,0.0507237926098897,0.0513905067198029,0.0888335098011386
"$67,001  - $68,000",67001,68000,67500.5,"Under 16","ks_u16",20.3283792908088,0.590216500912475,0.15353016336581,0.0653055265908836,0.0507237926098897,0.0513905067198029,0.0888335098011386
"$67,001  - $68,000",67001,68000,67500.5,"16-17","ks_16_17",47.5929068512523,0.590216500912475,0.15353016336581,0.0653055265908836,0.0507237926098897,0.0513905067198029,0.0888335098011386
"$67,001  - $68,000",67001,68000,67500.5,"18-24","ks_18_24",2305.14201773254,0.590216500912475,0.15353016336581,0.0653055265908836,0.0507237926098897,0.0513905067198029,0.0888335098011386
"$67,001  - $68,000",67001,68000,67500.5,"25-34","ks_25_34",7353.30768137568,0.590216500912475,0.15353016336581,0.0653055265908836,0.0507237926098897,0.0513905067198029,0.0888335098011386
"$67,001  - $68,000",67001,68000,67500.5,"35-44","ks_35_44",6170.4247672881,0.590216500912475,0.15353016336581,0.0653055265908836,0.0507237926098897,0.0513905067198029,0.0888335098011386
"$67,001  - $68,000",67001,68000,67500.5,"45-54","ks_45_54",4803.88163541902,0.590216500912475,0.15353016336581,0.0653055265908836,0.0507237926098897,0.0513905067198029,0.0888335098011386
"$67,001  - $68,000",67001,68000,67500.5,"55-64","ks_55_64",4353.28283345604,0.590216500912475,0.15353016336581,0.0653055265908836,0.0507237926098897,0.0513905067198029,0.0888335098011386
"$67,001  - $68,000",67001,68000,67500.5,"65+","ks_65p",876.015076096293,0.590216500912475,0.15353016336581,0.0653055265908836,0.0507237926098897,0.0513905067198029,0.0888335098011386
"$68,001  - $69,000",68001,69000,68500.5,"Under 16","ks_u16",19.4445367129475,0.590216500912475,0.15353016336581,0.0653055265908836,0.0507237926098897,0.0513905067198029,0.0888335098011386
"$68,001  - $69,000",68001,69000,68500.5,"16-17","ks_16_17",45.5236500316326,0.590216500912475,0.15353016336581,0.0653055265908836,0.0507237926098897,0.0513905067198029,0.0888335098011386
"$68,001  - $69,000",68001,69000,68500.5,"18-24","ks_18_24",2232.94517601385,0.590216500912475,0.15353016336581,0.0653055265908836,0.0507237926098897,0.0513905067198029,0.0888335098011386
"$68,001  - $69,000",68001,69000,68500.5,"25-34","ks_25_34",7327.01456690116,0.590216500912475,0.15353016336581,0.0653055265908836,0.0507237926098897,0.0513905067198029,0.0888335098011386
"$68,001  - $69,000",68001,69000,68500.5,"35-44","ks_35_44",6275.49391967226,0.590216500912475,0.15353016336581,0.0653055265908836,0.0507237926098897,0.0513905067198029,0.0888335098011386
"$68,001  - $69,000",68001,69000,68500.5,"45-54","ks_45_54",4910.63456065055,0.590216500912475,0.15353016336581,0.0653055265908836,0.0507237926098897,0.0513905067198029,0.0888335098011386
"$68,001  - $69,000",68001,69000,68500.5,"55-64","ks_55_64",4413.50611376076,0.590216500912475,0.15353016336581,0.0653055265908836,0.0507237926098897,0.0513905067198029,0.0888335098011386
"$68,001  - $69,000",68001,69000,68500.5,"65+","ks_65p",868.170164967073,0.590216500912475,0.15353016336581,0.0653055265908836,0.0507237926098897,0.0513905067198029,0.0888335098011386
"$69,001 -  $70,000",69001,70000,69500.5,"Under 16","ks_u16",78.6619894296513,0.590216500912475,0.15353016336581,0.0653055265908836,0.0507237926098897,0.0513905067198029,0.0888335098011386
"$69,001 -  $70,000",69001,70000,69500.5,"16-17","ks_16_17",173.817572848052,0.590216500912475,0.15353016336581,0.0653055265908836,0.0507237926098897,0.0513905067198029,0.0888335098011386
"$69,001 -  $70,000",69001,70000,69500.5,"18-24","ks_18_24",2884.43572390396,0.590216500912475,0.15353016336581,0.0653055265908836,0.0507237926098897,0.0513905067198029,0.0888335098011386
"$69,001 -  $70,000",69001,70000,69500.5,"25-34","ks_25_34",7887.93434235771,0.590216500912475,0.15353016336581,0.0653055265908836,0.0507237926098897,0.0513905067198029,0.0888335098011386
"$69,001 -  $70,000",69001,70000,69500.5,"35-44","ks_35_44",7498.11678377888,0.590216500912475,0.15353016336581,0.0653055265908836,0.0507237926098897,0.0513905067198029,0.0888335098011386
"$69,001 -  $70,000",69001,70000,69500.5,"45-54","ks_45_54",6351.79905127626,0.590216500912475,0.15353016336581,0.0653055265908836,0.0507237926098897,0.0513905067198029,0.0888335098011386
"$69,001 -  $70,000",69001,70000,69500.5,"55-64","ks_55_64",6022.32803047278,0.590216500912475,0.15353016336581,0.0653055265908836,0.0507237926098897,0.0513905067198029,0.0888335098011386
"$69,001 -  $70,000",69001,70000,69500.5,"65+","ks_65p",1555.90737396207,0.590216500912475,0.15353016336581,0.0653055265908836,0.0507237926098897,0.0513905067198029,0.0888335098011386
"$70,001  - $71,000",70001,71000,70500.5,"Under 16","ks_u16",39.7729160037563,0.585399081966936,0.160106024285445,0.0621104451655312,0.0533993893464701,0.0529591021608823,0.0860259570747353
"$70,001  - $71,000",70001,71000,70500.5,"16-17","ks_16_17",93.1165568828849,0.585399081966936,0.160106024285445,0.0621104451655312,0.0533993893464701,0.0529591021608823,0.0860259570747353
"$70,001  - $71,000",70001,71000,70500.5,"18-24","ks_18_24",2294.8281832013,0.585399081966936,0.160106024285445,0.0621104451655312,0.0533993893464701,0.0529591021608823,0.0860259570747353
"$70,001  - $71,000",70001,71000,70500.5,"25-34","ks_25_34",7730.17565551055,0.585399081966936,0.160106024285445,0.0621104451655312,0.0533993893464701,0.0529591021608823,0.0860259570747353
"$70,001  - $71,000",70001,71000,70500.5,"35-44","ks_35_44",7316.63370238805,0.585399081966936,0.160106024285445,0.0621104451655312,0.0533993893464701,0.0529591021608823,0.0860259570747353
"$70,001  - $71,000",70001,71000,70500.5,"45-54","ks_45_54",5906.99519614487,0.585399081966936,0.160106024285445,0.0621104451655312,0.0533993893464701,0.0529591021608823,0.0860259570747353
"$70,001  - $71,000",70001,71000,70500.5,"55-64","ks_55_64",5265.23536378477,0.585399081966936,0.160106024285445,0.0621104451655312,0.0533993893464701,0.0529591021608823,0.0860259570747353
"$70,001  - $71,000",70001,71000,70500.5,"65+","ks_65p",1153.20193599542,0.585399081966936,0.160106024285445,0.0621104451655312,0.0533993893464701,0.0529591021608823,0.0860259570747353
"$71,001  - $72,000",71001,72000,71500.5,"Under 16","ks_u16",16.7930089793638,0.585399081966936,0.160106024285445,0.0621104451655312,0.0533993893464701,0.0529591021608823,0.0860259570747353
"$71,001  - $72,000",71001,72000,71500.5,"16-17","ks_16_17",39.3158795727736,0.585399081966936,0.160106024285445,0.0621104451655312,0.0533993893464701,0.0529591021608823,0.0860259570747353
"$71,001  - $72,000",71001,72000,71500.5,"18-24","ks_18_24",1801.48309812357,0.585399081966936,0.160106024285445,0.0621104451655312,0.0533993893464701,0.0529591021608823,0.0860259570747353
"$71,001  - $72,000",71001,72000,71500.5,"25-34","ks_25_34",6950.14659276629,0.585399081966936,0.160106024285445,0.0621104451655312,0.0533993893464701,0.0529591021608823,0.0860259570747353
"$71,001  - $72,000",71001,72000,71500.5,"35-44","ks_35_44",6074.90735602977,0.585399081966936,0.160106024285445,0.0621104451655312,0.0533993893464701,0.0529591021608823,0.0860259570747353
"$71,001  - $72,000",71001,72000,71500.5,"45-54","ks_45_54",4777.19340411114,0.585399081966936,0.160106024285445,0.0621104451655312,0.0533993893464701,0.0529591021608823,0.0860259570747353
"$71,001  - $72,000",71001,72000,71500.5,"55-64","ks_55_64",4232.83627284658,0.585399081966936,0.160106024285445,0.0621104451655312,0.0533993893464701,0.0529591021608823,0.0860259570747353
"$71,001  - $72,000",71001,72000,71500.5,"65+","ks_65p",891.704898354734,0.585399081966936,0.160106024285445,0.0621104451655312,0.0533993893464701,0.0529591021608823,0.0860259570747353
"$72,001  - $73,000",72001,73000,72500.5,"Under 16","ks_u16",12.3737960900575,0.585399081966936,0.160106024285445,0.0621104451655312,0.0533993893464701,0.0529591021608823,0.0860259570747353
"$72,001  - $73,000",72001,73000,72500.5,"16-17","ks_16_17",28.9695954746753,0.585399081966936,0.160106024285445,0.0621104451655312,0.0533993893464701,0.0529591021608823,0.0860259570747353
"$72,001  - $73,000",72001,73000,72500.5,"18-24","ks_18_24",1689.74989070178,0.585399081966936,0.160106024285445,0.0621104451655312,0.0533993893464701,0.0529591021608823,0.0860259570747353
"$72,001  - $73,000",72001,73000,72500.5,"25-34","ks_25_34",6801.15227741064,0.585399081966936,0.160106024285445,0.0621104451655312,0.0533993893464701,0.0529591021608823,0.0860259570747353
"$72,001  - $73,000",72001,73000,72500.5,"35-44","ks_35_44",5979.38994477144,0.585399081966936,0.160106024285445,0.0621104451655312,0.0533993893464701,0.0529591021608823,0.0860259570747353
"$72,001  - $73,000",72001,73000,72500.5,"45-54","ks_45_54",4714.92086439274,0.585399081966936,0.160106024285445,0.0621104451655312,0.0533993893464701,0.0529591021608823,0.0860259570747353
"$72,001  - $73,000",72001,73000,72500.5,"55-64","ks_55_64",4103.78638647931,0.585399081966936,0.160106024285445,0.0621104451655312,0.0533993893464701,0.0529591021608823,0.0860259570747353
"$72,001  - $73,000",72001,73000,72500.5,"65+","ks_65p",876.015076096293,0.585399081966936,0.160106024285445,0.0621104451655312,0.0533993893464701,0.0529591021608823,0.0860259570747353
"$73,001  - $74,000",73001,74000,73500.5,"Under 16","ks_u16",9.72226835647376,0.585399081966936,0.160106024285445,0.0621104451655312,0.0533993893464701,0.0529591021608823,0.0860259570747353
"$73,001  - $74,000",73001,74000,73500.5,"16-17","ks_16_17",22.7618250158163,0.585399081966936,0.160106024285445,0.0621104451655312,0.0533993893464701,0.0529591021608823,0.0860259570747353
"$73,001  - $74,000",73001,74000,73500.5,"18-24","ks_18_24",1559.10798663939,0.585399081966936,0.160106024285445,0.0621104451655312,0.0533993893464701,0.0529591021608823,0.0860259570747353
"$73,001  - $74,000",73001,74000,73500.5,"25-34","ks_25_34",6476.87053222483,0.585399081966936,0.160106024285445,0.0621104451655312,0.0533993893464701,0.0529591021608823,0.0860259570747353
"$73,001  - $74,000",73001,74000,73500.5,"35-44","ks_35_44",5826.56208675811,0.585399081966936,0.160106024285445,0.0621104451655312,0.0533993893464701,0.0529591021608823,0.0860259570747353
"$73,001  - $74,000",73001,74000,73500.5,"45-54","ks_45_54",4599.27186205858,0.585399081966936,0.160106024285445,0.0621104451655312,0.0533993893464701,0.0529591021608823,0.0860259570747353
"$73,001  - $74,000",73001,74000,73500.5,"55-64","ks_55_64",3940.32319708076,0.585399081966936,0.160106024285445,0.0621104451655312,0.0533993893464701,0.0529591021608823,0.0860259570747353
"$73,001  - $74,000",73001,74000,73500.5,"65+","ks_65p",823.715668568156,0.585399081966936,0.160106024285445,0.0621104451655312,0.0533993893464701,0.0529591021608823,0.0860259570747353
"$74,001  - $75,000",74001,75000,74500.5,"Under 16","ks_u16",9.72226835647376,0.585399081966936,0.160106024285445,0.0621104451655312,0.0533993893464701,0.0529591021608823,0.0860259570747353
"$74,001  - $75,000",74001,75000,74500.5,"16-17","ks_16_17",22.7618250158163,0.585399081966936,0.160106024285445,0.0621104451655312,0.0533993893464701,0.0529591021608823,0.0860259570747353
"$74,001  - $75,000",74001,75000,74500.5,"18-24","ks_18_24",1438.77991710823,0.585399081966936,0.160106024285445,0.0621104451655312,0.0533993893464701,0.0529591021608823,0.0860259570747353
"$74,001  - $75,000",74001,75000,74500.5,"25-34","ks_25_34",6485.63490371634,0.585399081966936,0.160106024285445,0.0621104451655312,0.0533993893464701,0.0529591021608823,0.0860259570747353
"$74,001  - $75,000",74001,75000,74500.5,"35-44","ks_35_44",5864.76905126144,0.585399081966936,0.160106024285445,0.0621104451655312,0.0533993893464701,0.0529591021608823,0.0860259570747353
"$74,001  - $75,000",74001,75000,74500.5,"45-54","ks_45_54",4661.54440177697,0.585399081966936,0.160106024285445,0.0621104451655312,0.0533993893464701,0.0529591021608823,0.0860259570747353
"$74,001  - $75,000",74001,75000,74500.5,"55-64","ks_55_64",3880.09991677603,0.585399081966936,0.160106024285445,0.0621104451655312,0.0533993893464701,0.0529591021608823,0.0860259570747353
"$74,001  - $75,000",74001,75000,74500.5,"65+","ks_65p",776.646201792833,0.585399081966936,0.160106024285445,0.0621104451655312,0.0533993893464701,0.0529591021608823,0.0860259570747353
"$75,001  - $76,000",75001,76000,75500.5,"Under 16","ks_u16",8.83842577861251,0.585399081966936,0.160106024285445,0.0621104451655312,0.0533993893464701,0.0529591021608823,0.0860259570747353
"$75,001  - $76,000",75001,76000,75500.5,"16-17","ks_16_17",20.6925681961966,0.585399081966936,0.160106024285445,0.0621104451655312,0.0533993893464701,0.0529591021608823,0.0860259570747353
"$75,001  - $76,000",75001,76000,75500.5,"18-24","ks_18_24",1349.3933511708,0.585399081966936,0.160106024285445,0.0621104451655312,0.0533993893464701,0.0529591021608823,0.0860259570747353
"$75,001  - $76,000",75001,76000,75500.5,"25-34","ks_25_34",6389.22681730974,0.585399081966936,0.160106024285445,0.0621104451655312,0.0533993893464701,0.0529591021608823,0.0860259570747353
"$75,001  - $76,000",75001,76000,75500.5,"35-44","ks_35_44",5998.4934270231,0.585399081966936,0.160106024285445,0.0621104451655312,0.0533993893464701,0.0529591021608823,0.0860259570747353
"$75,001  - $76,000",75001,76000,75500.5,"45-54","ks_45_54",4617.06401626384,0.585399081966936,0.160106024285445,0.0621104451655312,0.0533993893464701,0.0529591021608823,0.0860259570747353
"$75,001  - $76,000",75001,76000,75500.5,"55-64","ks_55_64",4026.35645465894,0.585399081966936,0.160106024285445,0.0621104451655312,0.0533993893464701,0.0529591021608823,0.0860259570747353
"$75,001  - $76,000",75001,76000,75500.5,"65+","ks_65p",771.416261040019,0.585399081966936,0.160106024285445,0.0621104451655312,0.0533993893464701,0.0529591021608823,0.0860259570747353
"$76,001  - $77,000",76001,77000,76500.5,"Under 16","ks_u16",7.07074062289001,0.585399081966936,0.160106024285445,0.0621104451655312,0.0533993893464701,0.0529591021608823,0.0860259570747353
"$76,001  - $77,000",76001,77000,76500.5,"16-17","ks_16_17",16.5540545569573,0.585399081966936,0.160106024285445,0.0621104451655312,0.0533993893464701,0.0529591021608823,0.0860259570747353
"$76,001  - $77,000",76001,77000,76500.5,"18-24","ks_18_24",1179.21508140531,0.585399081966936,0.160106024285445,0.0621104451655312,0.0533993893464701,0.0529591021608823,0.0860259570747353
"$76,001  - $77,000",76001,77000,76500.5,"25-34","ks_25_34",6178.88190151354,0.585399081966936,0.160106024285445,0.0621104451655312,0.0533993893464701,0.0529591021608823,0.0860259570747353
"$76,001  - $77,000",76001,77000,76500.5,"35-44","ks_35_44",5559.11333523479,0.585399081966936,0.160106024285445,0.0621104451655312,0.0533993893464701,0.0529591021608823,0.0860259570747353
"$76,001  - $77,000",76001,77000,76500.5,"45-54","ks_45_54",4367.97385739026,0.585399081966936,0.160106024285445,0.0621104451655312,0.0533993893464701,0.0529591021608823,0.0860259570747353
"$76,001  - $77,000",76001,77000,76500.5,"55-64","ks_55_64",3828.47996222912,0.585399081966936,0.160106024285445,0.0621104451655312,0.0533993893464701,0.0529591021608823,0.0860259570747353
"$76,001  - $77,000",76001,77000,76500.5,"65+","ks_65p",755.726438781578,0.585399081966936,0.160106024285445,0.0621104451655312,0.0533993893464701,0.0529591021608823,0.0860259570747353
"$77,001  - $78,000",77001,78000,77500.5,"Under 16","ks_u16",6.18689804502875,0.585399081966936,0.160106024285445,0.0621104451655312,0.0533993893464701,0.0529591021608823,0.0860259570747353
"$77,001  - $78,000",77001,78000,77500.5,"16-17","ks_16_17",14.4847977373377,0.585399081966936,0.160106024285445,0.0621104451655312,0.0533993893464701,0.0529591021608823,0.0860259570747353
"$77,001  - $78,000",77001,78000,77500.5,"18-24","ks_18_24",1167.1822744522,0.585399081966936,0.160106024285445,0.0621104451655312,0.0533993893464701,0.0529591021608823,0.0860259570747353
"$77,001  - $78,000",77001,78000,77500.5,"25-34","ks_25_34",5845.83578483621,0.585399081966936,0.160106024285445,0.0621104451655312,0.0533993893464701,0.0529591021608823,0.0860259570747353
"$77,001  - $78,000",77001,78000,77500.5,"35-44","ks_35_44",5587.76855861229,0.585399081966936,0.160106024285445,0.0621104451655312,0.0533993893464701,0.0529591021608823,0.0860259570747353
"$77,001  - $78,000",77001,78000,77500.5,"45-54","ks_45_54",4279.01308636398,0.585399081966936,0.160106024285445,0.0621104451655312,0.0533993893464701,0.0529591021608823,0.0860259570747353
"$77,001  - $78,000",77001,78000,77500.5,"55-64","ks_55_64",3622.00014404148,0.585399081966936,0.160106024285445,0.0621104451655312,0.0533993893464701,0.0529591021608823,0.0860259570747353
"$77,001  - $78,000",77001,78000,77500.5,"65+","ks_65p",711.271942382662,0.585399081966936,0.160106024285445,0.0621104451655312,0.0533993893464701,0.0529591021608823,0.0860259570747353
"$78,001  - $79,000",78001,79000,78500.5,"Under 16","ks_u16",5.3030554671675,0.585399081966936,0.160106024285445,0.0621104451655312,0.0533993893464701,0.0529591021608823,0.0860259570747353
"$78,001  - $79,000",78001,79000,78500.5,"16-17","ks_16_17",12.415540917718,0.585399081966936,0.160106024285445,0.0621104451655312,0.0533993893464701,0.0529591021608823,0.0860259570747353
"$78,001  - $79,000",78001,79000,78500.5,"18-24","ks_18_24",1094.9854327335,0.585399081966936,0.160106024285445,0.0621104451655312,0.0533993893464701,0.0529591021608823,0.0860259570747353
"$78,001  - $79,000",78001,79000,78500.5,"25-34","ks_25_34",5749.42769842962,0.585399081966936,0.160106024285445,0.0621104451655312,0.0533993893464701,0.0529591021608823,0.0860259570747353
"$78,001  - $79,000",78001,79000,78500.5,"35-44","ks_35_44",5396.73373609563,0.585399081966936,0.160106024285445,0.0621104451655312,0.0533993893464701,0.0529591021608823,0.0860259570747353
"$78,001  - $79,000",78001,79000,78500.5,"45-54","ks_45_54",4323.49347187712,0.585399081966936,0.160106024285445,0.0621104451655312,0.0533993893464701,0.0529591021608823,0.0860259570747353
"$78,001  - $79,000",78001,79000,78500.5,"55-64","ks_55_64",3647.81012131494,0.585399081966936,0.160106024285445,0.0621104451655312,0.0533993893464701,0.0529591021608823,0.0860259570747353
"$78,001  - $79,000",78001,79000,78500.5,"65+","ks_65p",724.346794264696,0.585399081966936,0.160106024285445,0.0621104451655312,0.0533993893464701,0.0529591021608823,0.0860259570747353
"$79,001  - $80,000",79001,80000,79500.5,"Under 16","ks_u16",3.535370311445,0.585399081966936,0.160106024285445,0.0621104451655312,0.0533993893464701,0.0529591021608823,0.0860259570747353
"$79,001  - $80,000",79001,80000,79500.5,"16-17","ks_16_17",8.27702727847866,0.585399081966936,0.160106024285445,0.0621104451655312,0.0533993893464701,0.0529591021608823,0.0860259570747353
"$79,001  - $80,000",79001,80000,79500.5,"18-24","ks_18_24",967.781473514856,0.585399081966936,0.160106024285445,0.0621104451655312,0.0533993893464701,0.0529591021608823,0.0860259570747353
"$79,001  - $80,000",79001,80000,79500.5,"25-34","ks_25_34",5688.07709798906,0.585399081966936,0.160106024285445,0.0621104451655312,0.0533993893464701,0.0529591021608823,0.0860259570747353
"$79,001  - $80,000",79001,80000,79500.5,"35-44","ks_35_44",5301.2163248373,0.585399081966936,0.160106024285445,0.0621104451655312,0.0533993893464701,0.0529591021608823,0.0860259570747353
"$79,001  - $80,000",79001,80000,79500.5,"45-54","ks_45_54",4154.46800692719,0.585399081966936,0.160106024285445,0.0621104451655312,0.0533993893464701,0.0529591021608823,0.0860259570747353
"$79,001  - $80,000",79001,80000,79500.5,"55-64","ks_55_64",3570.38018949457,0.585399081966936,0.160106024285445,0.0621104451655312,0.0533993893464701,0.0529591021608823,0.0860259570747353
"$79,001  - $80,000",79001,80000,79500.5,"65+","ks_65p",698.197090500628,0.585399081966936,0.160106024285445,0.0621104451655312,0.0533993893464701,0.0529591021608823,0.0860259570747353
"$80,000  - $81,000",80001,81000,80500.5,"Under 16","ks_u16",4.41921288930625,0.592330572959416,0.171081164913711,0.064575505229975,0.0546917665524022,0.0543081518421014,0.0630128385023944
"$80,000  - $81,000",80001,81000,80500.5,"16-17","ks_16_17",10.3462840980983,0.592330572959416,0.171081164913711,0.064575505229975,0.0546917665524022,0.0543081518421014,0.0630128385023944
"$80,000  - $81,000",80001,81000,80500.5,"18-24","ks_18_24",911.055383593026,0.592330572959416,0.171081164913711,0.064575505229975,0.0546917665524022,0.0543081518421014,0.0630128385023944
"$80,000  - $81,000",80001,81000,80500.5,"25-34","ks_25_34",5600.43338307397,0.592330572959416,0.171081164913711,0.064575505229975,0.0546917665524022,0.0543081518421014,0.0630128385023944
"$80,000  - $81,000",80001,81000,80500.5,"35-44","ks_35_44",5606.87204086395,0.592330572959416,0.171081164913711,0.064575505229975,0.0546917665524022,0.0543081518421014,0.0630128385023944
"$80,000  - $81,000",80001,81000,80500.5,"45-54","ks_45_54",4439.14247421128,0.592330572959416,0.171081164913711,0.064575505229975,0.0546917665524022,0.0543081518421014,0.0630128385023944
"$80,000  - $81,000",80001,81000,80500.5,"55-64","ks_55_64",3622.00014404148,0.592330572959416,0.171081164913711,0.064575505229975,0.0546917665524022,0.0543081518421014,0.0630128385023944
"$80,000  - $81,000",80001,81000,80500.5,"65+","ks_65p",695.582120124221,0.592330572959416,0.171081164913711,0.064575505229975,0.0546917665524022,0.0543081518421014,0.0630128385023944
"$81,001  - $82,000",81001,82000,81500.5,"Under 16","ks_u16",2.65152773358375,0.592330572959416,0.171081164913711,0.064575505229975,0.0546917665524022,0.0543081518421014,0.0630128385023944
"$81,001  - $82,000",81001,82000,81500.5,"16-17","ks_16_17",6.20777045885899,0.592330572959416,0.171081164913711,0.064575505229975,0.0546917665524022,0.0543081518421014,0.0630128385023944
"$81,001  - $82,000",81001,82000,81500.5,"18-24","ks_18_24",844.015459139954,0.592330572959416,0.171081164913711,0.064575505229975,0.0546917665524022,0.0543081518421014,0.0630128385023944
"$81,001  - $82,000",81001,82000,81500.5,"25-34","ks_25_34",5267.38726639665,0.592330572959416,0.171081164913711,0.064575505229975,0.0546917665524022,0.0543081518421014,0.0630128385023944
"$81,001  - $82,000",81001,82000,81500.5,"35-44","ks_35_44",4947.80190318148,0.592330572959416,0.171081164913711,0.064575505229975,0.0546917665524022,0.0543081518421014,0.0630128385023944
"$81,001  - $82,000",81001,82000,81500.5,"45-54","ks_45_54",4163.36408402982,0.592330572959416,0.171081164913711,0.064575505229975,0.0546917665524022,0.0543081518421014,0.0630128385023944
"$81,001  - $82,000",81001,82000,81500.5,"55-64","ks_55_64",3389.71034858039,0.592330572959416,0.171081164913711,0.064575505229975,0.0546917665524022,0.0543081518421014,0.0630128385023944
"$81,001  - $82,000",81001,82000,81500.5,"65+","ks_65p",672.047386736559,0.592330572959416,0.171081164913711,0.064575505229975,0.0546917665524022,0.0543081518421014,0.0630128385023944
"$82,001  - $83,000",82001,83000,82500.5,"Under 16","ks_u16",3.535370311445,0.592330572959416,0.171081164913711,0.064575505229975,0.0546917665524022,0.0543081518421014,0.0630128385023944
"$82,001  - $83,000",82001,83000,82500.5,"16-17","ks_16_17",8.27702727847866,0.592330572959416,0.171081164913711,0.064575505229975,0.0546917665524022,0.0543081518421014,0.0630128385023944
"$82,001  - $83,000",82001,83000,82500.5,"18-24","ks_18_24",752.909920780652,0.592330572959416,0.171081164913711,0.064575505229975,0.0546917665524022,0.0543081518421014,0.0630128385023944
"$82,001  - $83,000",82001,83000,82500.5,"25-34","ks_25_34",4916.8124067363,0.592330572959416,0.171081164913711,0.064575505229975,0.0546917665524022,0.0543081518421014,0.0630128385023944
"$82,001  - $83,000",82001,83000,82500.5,"35-44","ks_35_44",4986.00886768481,0.592330572959416,0.171081164913711,0.064575505229975,0.0546917665524022,0.0543081518421014,0.0630128385023944
"$82,001  - $83,000",82001,83000,82500.5,"45-54","ks_45_54",3932.06607936149,0.592330572959416,0.171081164913711,0.064575505229975,0.0546917665524022,0.0543081518421014,0.0630128385023944
"$82,001  - $83,000",82001,83000,82500.5,"55-64","ks_55_64",3269.26378797094,0.592330572959416,0.171081164913711,0.064575505229975,0.0546917665524022,0.0543081518421014,0.0630128385023944
"$82,001  - $83,000",82001,83000,82500.5,"65+","ks_65p",658.972534854525,0.592330572959416,0.171081164913711,0.064575505229975,0.0546917665524022,0.0543081518421014,0.0630128385023944
"$83,001  - $84,000",83001,84000,83500.5,"Under 16","ks_u16",2.65152773358375,0.592330572959416,0.171081164913711,0.064575505229975,0.0546917665524022,0.0543081518421014,0.0630128385023944
"$83,001  - $84,000",83001,84000,83500.5,"16-17","ks_16_17",6.20777045885899,0.592330572959416,0.171081164913711,0.064575505229975,0.0546917665524022,0.0543081518421014,0.0630128385023944
"$83,001  - $84,000",83001,84000,83500.5,"18-24","ks_18_24",715.092527499432,0.592330572959416,0.171081164913711,0.064575505229975,0.0546917665524022,0.0543081518421014,0.0630128385023944
"$83,001  - $84,000",83001,84000,83500.5,"25-34","ks_25_34",4864.22617778725,0.592330572959416,0.171081164913711,0.064575505229975,0.0546917665524022,0.0543081518421014,0.0630128385023944
"$83,001  - $84,000",83001,84000,83500.5,"35-44","ks_35_44",4928.69842092981,0.592330572959416,0.171081164913711,0.064575505229975,0.0546917665524022,0.0543081518421014,0.0630128385023944
"$83,001  - $84,000",83001,84000,83500.5,"45-54","ks_45_54",3985.44254197726,0.592330572959416,0.171081164913711,0.064575505229975,0.0546917665524022,0.0543081518421014,0.0630128385023944
"$83,001  - $84,000",83001,84000,83500.5,"55-64","ks_55_64",3303.67709100221,0.592330572959416,0.171081164913711,0.064575505229975,0.0546917665524022,0.0543081518421014,0.0630128385023944
"$83,001  - $84,000",83001,84000,83500.5,"65+","ks_65p",666.817445983746,0.592330572959416,0.171081164913711,0.064575505229975,0.0546917665524022,0.0543081518421014,0.0630128385023944
"$84,001  - $85,000",84001,85000,84500.5,"Under 16","ks_u16",2.65152773358375,0.592330572959416,0.171081164913711,0.064575505229975,0.0546917665524022,0.0543081518421014,0.0630128385023944
"$84,001  - $85,000",84001,85000,84500.5,"16-17","ks_16_17",6.20777045885899,0.592330572959416,0.171081164913711,0.064575505229975,0.0546917665524022,0.0543081518421014,0.0630128385023944
"$84,001  - $85,000",84001,85000,84500.5,"18-24","ks_18_24",611.954182187014,0.592330572959416,0.171081164913711,0.064575505229975,0.0546917665524022,0.0543081518421014,0.0630128385023944
"$84,001  - $85,000",84001,85000,84500.5,"25-34","ks_25_34",4864.22617778725,0.592330572959416,0.171081164913711,0.064575505229975,0.0546917665524022,0.0543081518421014,0.0630128385023944
"$84,001  - $85,000",84001,85000,84500.5,"35-44","ks_35_44",4756.76708066482,0.592330572959416,0.171081164913711,0.064575505229975,0.0546917665524022,0.0543081518421014,0.0630128385023944
"$84,001  - $85,000",84001,85000,84500.5,"45-54","ks_45_54",3852.00138543784,0.592330572959416,0.171081164913711,0.064575505229975,0.0546917665524022,0.0543081518421014,0.0630128385023944
"$84,001  - $85,000",84001,85000,84500.5,"55-64","ks_55_64",3260.66046221312,0.592330572959416,0.171081164913711,0.064575505229975,0.0546917665524022,0.0543081518421014,0.0630128385023944
"$84,001  - $85,000",84001,85000,84500.5,"65+","ks_65p",611.903068079202,0.592330572959416,0.171081164913711,0.064575505229975,0.0546917665524022,0.0543081518421014,0.0630128385023944
"$85,001  - $86,000",85001,86000,85500.5,"Under 16","ks_u16",2.65152773358375,0.592330572959416,0.171081164913711,0.064575505229975,0.0546917665524022,0.0543081518421014,0.0630128385023944
"$85,001  - $86,000",85001,86000,85500.5,"16-17","ks_16_17",6.20777045885899,0.592330572959416,0.171081164913711,0.064575505229975,0.0546917665524022,0.0543081518421014,0.0630128385023944
"$85,001  - $86,000",85001,86000,85500.5,"18-24","ks_18_24",611.954182187014,0.592330572959416,0.171081164913711,0.064575505229975,0.0546917665524022,0.0543081518421014,0.0630128385023944
"$85,001  - $86,000",85001,86000,85500.5,"25-34","ks_25_34",4776.58246287217,0.592330572959416,0.171081164913711,0.064575505229975,0.0546917665524022,0.0543081518421014,0.0630128385023944
"$85,001  - $86,000",85001,86000,85500.5,"35-44","ks_35_44",4928.69842092981,0.592330572959416,0.171081164913711,0.064575505229975,0.0546917665524022,0.0543081518421014,0.0630128385023944
"$85,001  - $86,000",85001,86000,85500.5,"45-54","ks_45_54",3985.44254197726,0.592330572959416,0.171081164913711,0.064575505229975,0.0546917665524022,0.0543081518421014,0.0630128385023944
"$85,001  - $86,000",85001,86000,85500.5,"55-64","ks_55_64",3174.62720463493,0.592330572959416,0.171081164913711,0.064575505229975,0.0546917665524022,0.0543081518421014,0.0630128385023944
"$85,001  - $86,000",85001,86000,85500.5,"65+","ks_65p",624.977919961236,0.592330572959416,0.171081164913711,0.064575505229975,0.0546917665524022,0.0543081518421014,0.0630128385023944
"$86,001  - $87,000",86001,87000,86500.5,"Under 16","ks_u16",1.7676851557225,0.592330572959416,0.171081164913711,0.064575505229975,0.0546917665524022,0.0543081518421014,0.0630128385023944
"$86,001  - $87,000",86001,87000,86500.5,"16-17","ks_16_17",4.13851363923933,0.592330572959416,0.171081164913711,0.064575505229975,0.0546917665524022,0.0543081518421014,0.0630128385023944
"$86,001  - $87,000",86001,87000,86500.5,"18-24","ks_18_24",548.352202577689,0.592330572959416,0.171081164913711,0.064575505229975,0.0546917665524022,0.0543081518421014,0.0630128385023944
"$86,001  - $87,000",86001,87000,86500.5,"25-34","ks_25_34",4513.65131812691,0.592330572959416,0.171081164913711,0.064575505229975,0.0546917665524022,0.0543081518421014,0.0630128385023944
"$86,001  - $87,000",86001,87000,86500.5,"35-44","ks_35_44",4584.83574039982,0.592330572959416,0.171081164913711,0.064575505229975,0.0546917665524022,0.0543081518421014,0.0630128385023944
"$86,001  - $87,000",86001,87000,86500.5,"45-54","ks_45_54",3709.6641517958,0.592330572959416,0.171081164913711,0.064575505229975,0.0546917665524022,0.0543081518421014,0.0630128385023944
"$86,001  - $87,000",86001,87000,86500.5,"55-64","ks_55_64",3071.38729554112,0.592330572959416,0.171081164913711,0.064575505229975,0.0546917665524022,0.0543081518421014,0.0630128385023944
"$86,001  - $87,000",86001,87000,86500.5,"65+","ks_65p",588.36833469154,0.592330572959416,0.171081164913711,0.064575505229975,0.0546917665524022,0.0543081518421014,0.0630128385023944
"$87,001  - $88,000",87001,88000,87500.5,"Under 16","ks_u16",2.65152773358375,0.592330572959416,0.171081164913711,0.064575505229975,0.0546917665524022,0.0543081518421014,0.0630128385023944
"$87,001  - $88,000",87001,88000,87500.5,"16-17","ks_16_17",6.20777045885899,0.592330572959416,0.171081164913711,0.064575505229975,0.0546917665524022,0.0543081518421014,0.0630128385023944
"$87,001  - $88,000",87001,88000,87500.5,"18-24","ks_18_24",517.410698983964,0.592330572959416,0.171081164913711,0.064575505229975,0.0546917665524022,0.0543081518421014,0.0630128385023944
"$87,001  - $88,000",87001,88000,87500.5,"25-34","ks_25_34",4390.95011724579,0.592330572959416,0.171081164913711,0.064575505229975,0.0546917665524022,0.0543081518421014,0.0630128385023944
"$87,001  - $88,000",87001,88000,87500.5,"35-44","ks_35_44",4489.31832914149,0.592330572959416,0.171081164913711,0.064575505229975,0.0546917665524022,0.0543081518421014,0.0630128385023944
"$87,001  - $88,000",87001,88000,87500.5,"45-54","ks_45_54",3629.59945787215,0.592330572959416,0.171081164913711,0.064575505229975,0.0546917665524022,0.0543081518421014,0.0630128385023944
"$87,001  - $88,000",87001,88000,87500.5,"55-64","ks_55_64",2942.33740917384,0.592330572959416,0.171081164913711,0.064575505229975,0.0546917665524022,0.0543081518421014,0.0630128385023944
"$87,001  - $88,000",87001,88000,87500.5,"65+","ks_65p",596.213245820761,0.592330572959416,0.171081164913711,0.064575505229975,0.0546917665524022,0.0543081518421014,0.0630128385023944
"$88,001  - $89,000",88001,89000,88500.5,"Under 16","ks_u16",1.7676851557225,0.592330572959416,0.171081164913711,0.064575505229975,0.0546917665524022,0.0543081518421014,0.0630128385023944
"$88,001  - $89,000",88001,89000,88500.5,"16-17","ks_16_17",4.13851363923933,0.592330572959416,0.171081164913711,0.064575505229975,0.0546917665524022,0.0543081518421014,0.0630128385023944
"$88,001  - $89,000",88001,89000,88500.5,"18-24","ks_18_24",470.998443593376,0.592330572959416,0.171081164913711,0.064575505229975,0.0546917665524022,0.0543081518421014,0.0630128385023944
"$88,001  - $89,000",88001,89000,88500.5,"25-34","ks_25_34",4163.07645846657,0.592330572959416,0.171081164913711,0.064575505229975,0.0546917665524022,0.0543081518421014,0.0630128385023944
"$88,001  - $89,000",88001,89000,88500.5,"35-44","ks_35_44",4374.6974356315,0.592330572959416,0.171081164913711,0.064575505229975,0.0546917665524022,0.0543081518421014,0.0630128385023944
"$88,001  - $89,000",88001,89000,88500.5,"45-54","ks_45_54",3540.63868684587,0.592330572959416,0.171081164913711,0.064575505229975,0.0546917665524022,0.0543081518421014,0.0630128385023944
"$88,001  - $89,000",88001,89000,88500.5,"55-64","ks_55_64",2933.73408341602,0.592330572959416,0.171081164913711,0.064575505229975,0.0546917665524022,0.0543081518421014,0.0630128385023944
"$88,001  - $89,000",88001,89000,88500.5,"65+","ks_65p",564.833601303879,0.592330572959416,0.171081164913711,0.064575505229975,0.0546917665524022,0.0543081518421014,0.0630128385023944
"$89,001  - $90,000",89001,90000,89500.5,"Under 16","ks_u16",1.7676851557225,0.592330572959416,0.171081164913711,0.064575505229975,0.0546917665524022,0.0543081518421014,0.0630128385023944
"$89,001  - $90,000",89001,90000,89500.5,"16-17","ks_16_17",4.13851363923933,0.592330572959416,0.171081164913711,0.064575505229975,0.0546917665524022,0.0543081518421014,0.0630128385023944
"$89,001  - $90,000",89001,90000,89500.5,"18-24","ks_18_24",436.618995155903,0.592330572959416,0.171081164913711,0.064575505229975,0.0546917665524022,0.0543081518421014,0.0630128385023944
"$89,001  - $90,000",89001,90000,89500.5,"25-34","ks_25_34",3900.14531372131,0.592330572959416,0.171081164913711,0.064575505229975,0.0546917665524022,0.0543081518421014,0.0630128385023944
"$89,001  - $90,000",89001,90000,89500.5,"35-44","ks_35_44",4479.76658801566,0.592330572959416,0.171081164913711,0.064575505229975,0.0546917665524022,0.0543081518421014,0.0630128385023944
"$89,001  - $90,000",89001,90000,89500.5,"45-54","ks_45_54",3513.95045553799,0.592330572959416,0.171081164913711,0.064575505229975,0.0546917665524022,0.0543081518421014,0.0630128385023944
"$89,001  - $90,000",89001,90000,89500.5,"55-64","ks_55_64",2864.90747735348,0.592330572959416,0.171081164913711,0.064575505229975,0.0546917665524022,0.0543081518421014,0.0630128385023944
"$89,001  - $90,000",89001,90000,89500.5,"65+","ks_65p",554.373719798251,0.592330572959416,0.171081164913711,0.064575505229975,0.0546917665524022,0.0543081518421014,0.0630128385023944
"$90,001  - $91,000",90001,91000,90500.5,"Under 16","ks_u16",0.883842577861251,0.591130589389902,0.178796159826683,0.0640236447422207,0.0564160765618032,0.0555866240796319,0.054046905399759
"$90,001  - $91,000",90001,91000,90500.5,"16-17","ks_16_17",2.06925681961966,0.591130589389902,0.178796159826683,0.0640236447422207,0.0564160765618032,0.0555866240796319,0.054046905399759
"$90,001  - $91,000",90001,91000,90500.5,"18-24","ks_18_24",433.181050312156,0.591130589389902,0.178796159826683,0.0640236447422207,0.0564160765618032,0.0555866240796319,0.054046905399759
"$90,001  - $91,000",90001,91000,90500.5,"25-34","ks_25_34",4022.84651460243,0.591130589389902,0.178796159826683,0.0640236447422207,0.0564160765618032,0.0555866240796319,0.054046905399759
"$90,001  - $91,000",90001,91000,90500.5,"35-44","ks_35_44",4460.663105764,0.591130589389902,0.178796159826683,0.0640236447422207,0.0564160765618032,0.0555866240796319,0.054046905399759
"$90,001  - $91,000",90001,91000,90500.5,"45-54","ks_45_54",3576.22299525638,0.591130589389902,0.178796159826683,0.0640236447422207,0.0564160765618032,0.0555866240796319,0.054046905399759
"$90,001  - $91,000",90001,91000,90500.5,"55-64","ks_55_64",2839.09750008002,0.591130589389902,0.178796159826683,0.0640236447422207,0.0564160765618032,0.0555866240796319,0.054046905399759
"$90,001  - $91,000",90001,91000,90500.5,"65+","ks_65p",551.758749421844,0.591130589389902,0.178796159826683,0.0640236447422207,0.0564160765618032,0.0555866240796319,0.054046905399759
"$91,001  - $92,000",91001,92000,91500.5,"Under 16","ks_u16",1.7676851557225,0.591130589389902,0.178796159826683,0.0640236447422207,0.0564160765618032,0.0555866240796319,0.054046905399759
"$91,001  - $92,000",91001,92000,91500.5,"16-17","ks_16_17",4.13851363923933,0.591130589389902,0.178796159826683,0.0640236447422207,0.0564160765618032,0.0555866240796319,0.054046905399759
"$91,001  - $92,000",91001,92000,91500.5,"18-24","ks_18_24",402.23954671843,0.591130589389902,0.178796159826683,0.0640236447422207,0.0564160765618032,0.0555866240796319,0.054046905399759
"$91,001  - $92,000",91001,92000,91500.5,"25-34","ks_25_34",3742.38662687416,0.591130589389902,0.178796159826683,0.0640236447422207,0.0564160765618032,0.0555866240796319,0.054046905399759
"$91,001  - $92,000",91001,92000,91500.5,"35-44","ks_35_44",4145.45564861151,0.591130589389902,0.178796159826683,0.0640236447422207,0.0564160765618032,0.0555866240796319,0.054046905399759
"$91,001  - $92,000",91001,92000,91500.5,"45-54","ks_45_54",3362.71714479331,0.591130589389902,0.178796159826683,0.0640236447422207,0.0564160765618032,0.0555866240796319,0.054046905399759
"$91,001  - $92,000",91001,92000,91500.5,"55-64","ks_55_64",2761.66756825966,0.591130589389902,0.178796159826683,0.0640236447422207,0.0564160765618032,0.0555866240796319,0.054046905399759
"$91,001  - $92,000",91001,92000,91500.5,"65+","ks_65p",564.833601303879,0.591130589389902,0.178796159826683,0.0640236447422207,0.0564160765618032,0.0555866240796319,0.054046905399759
"$92,001  - $93,000",92001,93000,92500.5,"Under 16","ks_u16",1.7676851557225,0.591130589389902,0.178796159826683,0.0640236447422207,0.0564160765618032,0.0555866240796319,0.054046905399759
"$92,001  - $93,000",92001,93000,92500.5,"16-17","ks_16_17",4.13851363923933,0.591130589389902,0.178796159826683,0.0640236447422207,0.0564160765618032,0.0555866240796319,0.054046905399759
"$92,001  - $93,000",92001,93000,92500.5,"18-24","ks_18_24",333.480649843485,0.591130589389902,0.178796159826683,0.0640236447422207,0.0564160765618032,0.0555866240796319,0.054046905399759
"$92,001  - $93,000",92001,93000,92500.5,"25-34","ks_25_34",3654.74291195907,0.591130589389902,0.178796159826683,0.0640236447422207,0.0564160765618032,0.0555866240796319,0.054046905399759
"$92,001  - $93,000",92001,93000,92500.5,"35-44","ks_35_44",4202.76609536651,0.591130589389902,0.178796159826683,0.0640236447422207,0.0564160765618032,0.0555866240796319,0.054046905399759
"$92,001  - $93,000",92001,93000,92500.5,"45-54","ks_45_54",3282.65245086966,0.591130589389902,0.178796159826683,0.0640236447422207,0.0564160765618032,0.0555866240796319,0.054046905399759
"$92,001  - $93,000",92001,93000,92500.5,"55-64","ks_55_64",2753.06424250184,0.591130589389902,0.178796159826683,0.0640236447422207,0.0564160765618032,0.0555866240796319,0.054046905399759
"$92,001  - $93,000",92001,93000,92500.5,"65+","ks_65p",543.913838292624,0.591130589389902,0.178796159826683,0.0640236447422207,0.0564160765618032,0.0555866240796319,0.054046905399759
"$93,001  - $94,000",93001,94000,93500.5,"Under 16","ks_u16",0.883842577861251,0.591130589389902,0.178796159826683,0.0640236447422207,0.0564160765618032,0.0555866240796319,0.054046905399759
"$93,001  - $94,000",93001,94000,93500.5,"16-17","ks_16_17",2.06925681961966,0.591130589389902,0.178796159826683,0.0640236447422207,0.0564160765618032,0.0555866240796319,0.054046905399759
"$93,001  - $94,000",93001,94000,93500.5,"18-24","ks_18_24",338.637567109106,0.591130589389902,0.178796159826683,0.0640236447422207,0.0564160765618032,0.0555866240796319,0.054046905399759
"$93,001  - $94,000",93001,94000,93500.5,"25-34","ks_25_34",3567.09919704398,0.591130589389902,0.178796159826683,0.0640236447422207,0.0564160765618032,0.0555866240796319,0.054046905399759
"$93,001  - $94,000",93001,94000,93500.5,"35-44","ks_35_44",3944.86908496902,0.591130589389902,0.178796159826683,0.0640236447422207,0.0564160765618032,0.0555866240796319,0.054046905399759
"$93,001  - $94,000",93001,94000,93500.5,"45-54","ks_45_54",3318.23675928017,0.591130589389902,0.178796159826683,0.0640236447422207,0.0564160765618032,0.0555866240796319,0.054046905399759
"$93,001  - $94,000",93001,94000,93500.5,"55-64","ks_55_64",2770.27089401748,0.591130589389902,0.178796159826683,0.0640236447422207,0.0564160765618032,0.0555866240796319,0.054046905399759
"$93,001  - $94,000",93001,94000,93500.5,"65+","ks_65p",533.453956786997,0.591130589389902,0.178796159826683,0.0640236447422207,0.0564160765618032,0.0555866240796319,0.054046905399759
"$94,001  - $95,000",94001,95000,94500.5,"Under 16","ks_u16",0.883842577861251,0.591130589389902,0.178796159826683,0.0640236447422207,0.0564160765618032,0.0555866240796319,0.054046905399759
"$94,001  - $95,000",94001,95000,94500.5,"16-17","ks_16_17",2.06925681961966,0.591130589389902,0.178796159826683,0.0640236447422207,0.0564160765618032,0.0555866240796319,0.054046905399759
"$94,001  - $95,000",94001,95000,94500.5,"18-24","ks_18_24",295.663256562265,0.591130589389902,0.178796159826683,0.0640236447422207,0.0564160765618032,0.0555866240796319,0.054046905399759
"$94,001  - $95,000",94001,95000,94500.5,"25-34","ks_25_34",3391.81176721381,0.591130589389902,0.178796159826683,0.0640236447422207,0.0564160765618032,0.0555866240796319,0.054046905399759
"$94,001  - $95,000",94001,95000,94500.5,"35-44","ks_35_44",3906.66212046568,0.591130589389902,0.178796159826683,0.0640236447422207,0.0564160765618032,0.0555866240796319,0.054046905399759
"$94,001  - $95,000",94001,95000,94500.5,"45-54","ks_45_54",3167.0034485355,0.591130589389902,0.178796159826683,0.0640236447422207,0.0564160765618032,0.0555866240796319,0.054046905399759
"$94,001  - $95,000",94001,95000,94500.5,"55-64","ks_55_64",2641.2210076502,0.591130589389902,0.178796159826683,0.0640236447422207,0.0564160765618032,0.0555866240796319,0.054046905399759
"$94,001  - $95,000",94001,95000,94500.5,"65+","ks_65p",520.379104904962,0.591130589389902,0.178796159826683,0.0640236447422207,0.0564160765618032,0.0555866240796319,0.054046905399759
"$95,001  - $96,000",95001,96000,95500.5,"Under 16","ks_u16",0.883842577861251,0.591130589389902,0.178796159826683,0.0640236447422207,0.0564160765618032,0.0555866240796319,0.054046905399759
"$95,001  - $96,000",95001,96000,95500.5,"16-17","ks_16_17",2.06925681961966,0.591130589389902,0.178796159826683,0.0640236447422207,0.0564160765618032,0.0555866240796319,0.054046905399759
"$95,001  - $96,000",95001,96000,95500.5,"18-24","ks_18_24",287.068394452897,0.591130589389902,0.178796159826683,0.0640236447422207,0.0564160765618032,0.0555866240796319,0.054046905399759
"$95,001  - $96,000",95001,96000,95500.5,"25-34","ks_25_34",3391.81176721381,0.591130589389902,0.178796159826683,0.0640236447422207,0.0564160765618032,0.0555866240796319,0.054046905399759
"$95,001  - $96,000",95001,96000,95500.5,"35-44","ks_35_44",3983.07604947235,0.591130589389902,0.178796159826683,0.0640236447422207,0.0564160765618032,0.0555866240796319,0.054046905399759
"$95,001  - $96,000",95001,96000,95500.5,"45-54","ks_45_54",3282.65245086966,0.591130589389902,0.178796159826683,0.0640236447422207,0.0564160765618032,0.0555866240796319,0.054046905399759
"$95,001  - $96,000",95001,96000,95500.5,"55-64","ks_55_64",2675.63431068148,0.591130589389902,0.178796159826683,0.0640236447422207,0.0564160765618032,0.0555866240796319,0.054046905399759
"$95,001  - $96,000",95001,96000,95500.5,"65+","ks_65p",486.384490011673,0.591130589389902,0.178796159826683,0.0640236447422207,0.0564160765618032,0.0555866240796319,0.054046905399759
"$96,001  - $97,000",96001,97000,96500.5,"Under 16","ks_u16",0.883842577861251,0.591130589389902,0.178796159826683,0.0640236447422207,0.0564160765618032,0.0555866240796319,0.054046905399759
"$96,001  - $97,000",96001,97000,96500.5,"16-17","ks_16_17",2.06925681961966,0.591130589389902,0.178796159826683,0.0640236447422207,0.0564160765618032,0.0555866240796319,0.054046905399759
"$96,001  - $97,000",96001,97000,96500.5,"18-24","ks_18_24",261.283808124792,0.591130589389902,0.178796159826683,0.0640236447422207,0.0564160765618032,0.0555866240796319,0.054046905399759
"$96,001  - $97,000",96001,97000,96500.5,"25-34","ks_25_34",3137.64499396007,0.591130589389902,0.178796159826683,0.0640236447422207,0.0564160765618032,0.0555866240796319,0.054046905399759
"$96,001  - $97,000",96001,97000,96500.5,"35-44","ks_35_44",3772.93774470402,0.591130589389902,0.178796159826683,0.0640236447422207,0.0564160765618032,0.0555866240796319,0.054046905399759
"$96,001  - $97,000",96001,97000,96500.5,"45-54","ks_45_54",3131.41914012499,0.591130589389902,0.178796159826683,0.0640236447422207,0.0564160765618032,0.0555866240796319,0.054046905399759
"$96,001  - $97,000",96001,97000,96500.5,"55-64","ks_55_64",2503.56779552511,0.591130589389902,0.178796159826683,0.0640236447422207,0.0564160765618032,0.0555866240796319,0.054046905399759
"$96,001  - $97,000",96001,97000,96500.5,"65+","ks_65p",486.384490011673,0.591130589389902,0.178796159826683,0.0640236447422207,0.0564160765618032,0.0555866240796319,0.054046905399759
"$97,001  - $98,000",97001,98000,97500.5,"Under 16","ks_u16",0.883842577861251,0.591130589389902,0.178796159826683,0.0640236447422207,0.0564160765618032,0.0555866240796319,0.054046905399759
"$97,001  - $98,000",97001,98000,97500.5,"16-17","ks_16_17",2.06925681961966,0.591130589389902,0.178796159826683,0.0640236447422207,0.0564160765618032,0.0555866240796319,0.054046905399759
"$97,001  - $98,000",97001,98000,97500.5,"18-24","ks_18_24",261.283808124792,0.591130589389902,0.178796159826683,0.0640236447422207,0.0564160765618032,0.0555866240796319,0.054046905399759
"$97,001  - $98,000",97001,98000,97500.5,"25-34","ks_25_34",2944.82882114688,0.591130589389902,0.178796159826683,0.0640236447422207,0.0564160765618032,0.0555866240796319,0.054046905399759
"$97,001  - $98,000",97001,98000,97500.5,"35-44","ks_35_44",3696.52381569736,0.591130589389902,0.178796159826683,0.0640236447422207,0.0564160765618032,0.0555866240796319,0.054046905399759
"$97,001  - $98,000",97001,98000,97500.5,"45-54","ks_45_54",3006.8740606882,0.591130589389902,0.178796159826683,0.0640236447422207,0.0564160765618032,0.0555866240796319,0.054046905399759
"$97,001  - $98,000",97001,98000,97500.5,"55-64","ks_55_64",2503.56779552511,0.591130589389902,0.178796159826683,0.0640236447422207,0.0564160765618032,0.0555866240796319,0.054046905399759
"$97,001  - $98,000",97001,98000,97500.5,"65+","ks_65p",481.15454925886,0.591130589389902,0.178796159826683,0.0640236447422207,0.0564160765618032,0.0555866240796319,0.054046905399759
"$98,001  - $99,000",98001,99000,98500.5,"Under 16","ks_u16",0,0.591130589389902,0.178796159826683,0.0640236447422207,0.0564160765618032,0.0555866240796319,0.054046905399759
"$98,001  - $99,000",98001,99000,98500.5,"16-17","ks_16_17",0,0.591130589389902,0.178796159826683,0.0640236447422207,0.0564160765618032,0.0555866240796319,0.054046905399759
"$98,001  - $99,000",98001,99000,98500.5,"18-24","ks_18_24",206.276690624836,0.591130589389902,0.178796159826683,0.0640236447422207,0.0564160765618032,0.0555866240796319,0.054046905399759
"$98,001  - $99,000",98001,99000,98500.5,"25-34","ks_25_34",2909.77133518084,0.591130589389902,0.178796159826683,0.0640236447422207,0.0564160765618032,0.0555866240796319,0.054046905399759
"$98,001  - $99,000",98001,99000,98500.5,"35-44","ks_35_44",3648.76511006819,0.591130589389902,0.178796159826683,0.0640236447422207,0.0564160765618032,0.0555866240796319,0.054046905399759
"$98,001  - $99,000",98001,99000,98500.5,"45-54","ks_45_54",3113.62698591974,0.591130589389902,0.178796159826683,0.0640236447422207,0.0564160765618032,0.0555866240796319,0.054046905399759
"$98,001  - $99,000",98001,99000,98500.5,"55-64","ks_55_64",2426.13786370475,0.591130589389902,0.178796159826683,0.0640236447422207,0.0564160765618032,0.0555866240796319,0.054046905399759
"$98,001  - $99,000",98001,99000,98500.5,"65+","ks_65p",470.694667753232,0.591130589389902,0.178796159826683,0.0640236447422207,0.0564160765618032,0.0555866240796319,0.054046905399759
"$99,001 - $100,000",99001,1e+05,99500.5,"Under 16","ks_u16",0.883842577861251,0.591130589389902,0.178796159826683,0.0640236447422207,0.0564160765618032,0.0555866240796319,0.054046905399759
"$99,001 - $100,000",99001,1e+05,99500.5,"16-17","ks_16_17",2.06925681961966,0.591130589389902,0.178796159826683,0.0640236447422207,0.0564160765618032,0.0555866240796319,0.054046905399759
"$99,001 - $100,000",99001,1e+05,99500.5,"18-24","ks_18_24",209.714635468583,0.591130589389902,0.178796159826683,0.0640236447422207,0.0564160765618032,0.0555866240796319,0.054046905399759
"$99,001 - $100,000",99001,1e+05,99500.5,"25-34","ks_25_34",2848.42073474028,0.591130589389902,0.178796159826683,0.0640236447422207,0.0564160765618032,0.0555866240796319,0.054046905399759
"$99,001 - $100,000",99001,1e+05,99500.5,"35-44","ks_35_44",3792.04122695569,0.591130589389902,0.178796159826683,0.0640236447422207,0.0564160765618032,0.0555866240796319,0.054046905399759
"$99,001 - $100,000",99001,1e+05,99500.5,"45-54","ks_45_54",3273.75637376704,0.591130589389902,0.178796159826683,0.0640236447422207,0.0564160765618032,0.0555866240796319,0.054046905399759
"$99,001 - $100,000",99001,1e+05,99500.5,"55-64","ks_55_64",2477.75781825166,0.591130589389902,0.178796159826683,0.0640236447422207,0.0564160765618032,0.0555866240796319,0.054046905399759
"$99,001 - $100,000",99001,1e+05,99500.5,"65+","ks_65p",449.774904741977,0.591130589389902,0.178796159826683,0.0640236447422207,0.0564160765618032,0.0555866240796319,0.054046905399759
"$100,001 - $101,000",100001,101000,100500.5,"Under 16","ks_u16",0.883842577861251,0.584733641645733,0.183247996518703,0.0639022324788698,0.0578140051996084,0.0582987256534857,0.0520033985035999
"$100,001 - $101,000",100001,101000,100500.5,"16-17","ks_16_17",2.06925681961966,0.584733641645733,0.183247996518703,0.0639022324788698,0.0578140051996084,0.0582987256534857,0.0520033985035999
"$100,001 - $101,000",100001,101000,100500.5,"18-24","ks_18_24",226.90435968732,0.584733641645733,0.183247996518703,0.0639022324788698,0.0578140051996084,0.0582987256534857,0.0520033985035999
"$100,001 - $101,000",100001,101000,100500.5,"25-34","ks_25_34",2901.00696368933,0.584733641645733,0.183247996518703,0.0639022324788698,0.0578140051996084,0.0582987256534857,0.0520033985035999
"$100,001 - $101,000",100001,101000,100500.5,"35-44","ks_35_44",4088.14520185651,0.584733641645733,0.183247996518703,0.0639022324788698,0.0578140051996084,0.0582987256534857,0.0520033985035999
"$100,001 - $101,000",100001,101000,100500.5,"45-54","ks_45_54",3558.43084105113,0.584733641645733,0.183247996518703,0.0639022324788698,0.0578140051996084,0.0582987256534857,0.0520033985035999
"$100,001 - $101,000",100001,101000,100500.5,"55-64","ks_55_64",2718.65093947057,0.584733641645733,0.183247996518703,0.0639022324788698,0.0578140051996084,0.0582987256534857,0.0520033985035999
"$100,001 - $101,000",100001,101000,100500.5,"65+","ks_65p",441.929993612757,0.584733641645733,0.183247996518703,0.0639022324788698,0.0578140051996084,0.0582987256534857,0.0520033985035999
"$101,001 - $102,000",101001,102000,101500.5,"Under 16","ks_u16",0.883842577861251,0.584733641645733,0.183247996518703,0.0639022324788698,0.0578140051996084,0.0582987256534857,0.0520033985035999
"$101,001 - $102,000",101001,102000,101500.5,"16-17","ks_16_17",2.06925681961966,0.584733641645733,0.183247996518703,0.0639022324788698,0.0578140051996084,0.0582987256534857,0.0520033985035999
"$101,001 - $102,000",101001,102000,101500.5,"18-24","ks_18_24",183.930049140479,0.584733641645733,0.183247996518703,0.0639022324788698,0.0578140051996084,0.0582987256534857,0.0520033985035999
"$101,001 - $102,000",101001,102000,101500.5,"25-34","ks_25_34",2690.66204789313,0.584733641645733,0.183247996518703,0.0639022324788698,0.0578140051996084,0.0582987256534857,0.0520033985035999
"$101,001 - $102,000",101001,102000,101500.5,"35-44","ks_35_44",3572.35118106153,0.584733641645733,0.183247996518703,0.0639022324788698,0.0578140051996084,0.0582987256534857,0.0520033985035999
"$101,001 - $102,000",101001,102000,101500.5,"45-54","ks_45_54",3086.93875461185,0.584733641645733,0.183247996518703,0.0639022324788698,0.0578140051996084,0.0582987256534857,0.0520033985035999
"$101,001 - $102,000",101001,102000,101500.5,"55-64","ks_55_64",2383.12123491566,0.584733641645733,0.183247996518703,0.0639022324788698,0.0578140051996084,0.0582987256534857,0.0520033985035999
"$101,001 - $102,000",101001,102000,101500.5,"65+","ks_65p",431.47011210713,0.584733641645733,0.183247996518703,0.0639022324788698,0.0578140051996084,0.0582987256534857,0.0520033985035999
"$102,001 - $103,000",102001,103000,102500.5,"Under 16","ks_u16",0,0.584733641645733,0.183247996518703,0.0639022324788698,0.0578140051996084,0.0582987256534857,0.0520033985035999
"$102,001 - $103,000",102001,103000,102500.5,"16-17","ks_16_17",0,0.584733641645733,0.183247996518703,0.0639022324788698,0.0578140051996084,0.0582987256534857,0.0520033985035999
"$102,001 - $103,000",102001,103000,102500.5,"18-24","ks_18_24",146.112655859259,0.584733641645733,0.183247996518703,0.0639022324788698,0.0578140051996084,0.0582987256534857,0.0520033985035999
"$102,001 - $103,000",102001,103000,102500.5,"25-34","ks_25_34",2611.78270446955,0.584733641645733,0.183247996518703,0.0639022324788698,0.0578140051996084,0.0582987256534857,0.0520033985035999
"$102,001 - $103,000",102001,103000,102500.5,"35-44","ks_35_44",3495.93725205487,0.584733641645733,0.183247996518703,0.0639022324788698,0.0578140051996084,0.0582987256534857,0.0520033985035999
"$102,001 - $103,000",102001,103000,102500.5,"45-54","ks_45_54",3122.52306302236,0.584733641645733,0.183247996518703,0.0639022324788698,0.0578140051996084,0.0582987256534857,0.0520033985035999
"$102,001 - $103,000",102001,103000,102500.5,"55-64","ks_55_64",2469.15449249384,0.584733641645733,0.183247996518703,0.0639022324788698,0.0578140051996084,0.0582987256534857,0.0520033985035999
"$102,001 - $103,000",102001,103000,102500.5,"65+","ks_65p",421.010230601502,0.584733641645733,0.183247996518703,0.0639022324788698,0.0578140051996084,0.0582987256534857,0.0520033985035999
"$103,001 - $104,000",103001,104000,103500.5,"Under 16","ks_u16",0.883842577861251,0.584733641645733,0.183247996518703,0.0639022324788698,0.0578140051996084,0.0582987256534857,0.0520033985035999
"$103,001 - $104,000",103001,104000,103500.5,"16-17","ks_16_17",2.06925681961966,0.584733641645733,0.183247996518703,0.0639022324788698,0.0578140051996084,0.0582987256534857,0.0520033985035999
"$103,001 - $104,000",103001,104000,103500.5,"18-24","ks_18_24",175.335187031111,0.584733641645733,0.183247996518703,0.0639022324788698,0.0578140051996084,0.0582987256534857,0.0520033985035999
"$103,001 - $104,000",103001,104000,103500.5,"25-34","ks_25_34",2515.37461806296,0.584733641645733,0.183247996518703,0.0639022324788698,0.0578140051996084,0.0582987256534857,0.0520033985035999
"$103,001 - $104,000",103001,104000,103500.5,"35-44","ks_35_44",3343.10939404154,0.584733641645733,0.183247996518703,0.0639022324788698,0.0578140051996084,0.0582987256534857,0.0520033985035999
"$103,001 - $104,000",103001,104000,103500.5,"45-54","ks_45_54",2926.80936676455,0.584733641645733,0.183247996518703,0.0639022324788698,0.0578140051996084,0.0582987256534857,0.0520033985035999
"$103,001 - $104,000",103001,104000,103500.5,"55-64","ks_55_64",2348.70793188438,0.584733641645733,0.183247996518703,0.0639022324788698,0.0578140051996084,0.0582987256534857,0.0520033985035999
"$103,001 - $104,000",103001,104000,103500.5,"65+","ks_65p",423.625200977909,0.584733641645733,0.183247996518703,0.0639022324788698,0.0578140051996084,0.0582987256534857,0.0520033985035999
"$104,001 - $105,000",104001,105000,104500.5,"Under 16","ks_u16",0.883842577861251,0.584733641645733,0.183247996518703,0.0639022324788698,0.0578140051996084,0.0582987256534857,0.0520033985035999
"$104,001 - $105,000",104001,105000,104500.5,"16-17","ks_16_17",2.06925681961966,0.584733641645733,0.183247996518703,0.0639022324788698,0.0578140051996084,0.0582987256534857,0.0520033985035999
"$104,001 - $105,000",104001,105000,104500.5,"18-24","ks_18_24",158.145462812374,0.584733641645733,0.183247996518703,0.0639022324788698,0.0578140051996084,0.0582987256534857,0.0520033985035999
"$104,001 - $105,000",104001,105000,104500.5,"25-34","ks_25_34",2340.08718823279,0.584733641645733,0.183247996518703,0.0639022324788698,0.0578140051996084,0.0582987256534857,0.0520033985035999
"$104,001 - $105,000",104001,105000,104500.5,"35-44","ks_35_44",3257.14372390904,0.584733641645733,0.183247996518703,0.0639022324788698,0.0578140051996084,0.0582987256534857,0.0520033985035999
"$104,001 - $105,000",104001,105000,104500.5,"45-54","ks_45_54",2900.12113545667,0.584733641645733,0.183247996518703,0.0639022324788698,0.0578140051996084,0.0582987256534857,0.0520033985035999
"$104,001 - $105,000",104001,105000,104500.5,"55-64","ks_55_64",2271.27800006402,0.584733641645733,0.183247996518703,0.0639022324788698,0.0578140051996084,0.0582987256534857,0.0520033985035999
"$104,001 - $105,000",104001,105000,104500.5,"65+","ks_65p",410.550349095875,0.584733641645733,0.183247996518703,0.0639022324788698,0.0578140051996084,0.0582987256534857,0.0520033985035999
"$105,001 - $106,000",105001,106000,105500.5,"Under 16","ks_u16",0,0.584733641645733,0.183247996518703,0.0639022324788698,0.0578140051996084,0.0582987256534857,0.0520033985035999
"$105,001 - $106,000",105001,106000,105500.5,"16-17","ks_16_17",0,0.584733641645733,0.183247996518703,0.0639022324788698,0.0578140051996084,0.0582987256534857,0.0520033985035999
"$105,001 - $106,000",105001,106000,105500.5,"18-24","ks_18_24",146.112655859259,0.584733641645733,0.183247996518703,0.0639022324788698,0.0578140051996084,0.0582987256534857,0.0520033985035999
"$105,001 - $106,000",105001,106000,105500.5,"25-34","ks_25_34",2331.32281674128,0.584733641645733,0.183247996518703,0.0639022324788698,0.0578140051996084,0.0582987256534857,0.0520033985035999
"$105,001 - $106,000",105001,106000,105500.5,"35-44","ks_35_44",3142.52283039905,0.584733641645733,0.183247996518703,0.0639022324788698,0.0578140051996084,0.0582987256534857,0.0520033985035999
"$105,001 - $106,000",105001,106000,105500.5,"45-54","ks_45_54",2739.99174760937,0.584733641645733,0.183247996518703,0.0639022324788698,0.0578140051996084,0.0582987256534857,0.0520033985035999
"$105,001 - $106,000",105001,106000,105500.5,"55-64","ks_55_64",2271.27800006402,0.584733641645733,0.183247996518703,0.0639022324788698,0.0578140051996084,0.0582987256534857,0.0520033985035999
"$105,001 - $106,000",105001,106000,105500.5,"65+","ks_65p",389.63058608462,0.584733641645733,0.183247996518703,0.0639022324788698,0.0578140051996084,0.0582987256534857,0.0520033985035999
"$106,001 - $107,000",106001,107000,106500.5,"Under 16","ks_u16",0,0.584733641645733,0.183247996518703,0.0639022324788698,0.0578140051996084,0.0582987256534857,0.0520033985035999
"$106,001 - $107,000",106001,107000,106500.5,"16-17","ks_16_17",0,0.584733641645733,0.183247996518703,0.0639022324788698,0.0578140051996084,0.0582987256534857,0.0520033985035999
"$106,001 - $107,000",106001,107000,106500.5,"18-24","ks_18_24",146.112655859259,0.584733641645733,0.183247996518703,0.0639022324788698,0.0578140051996084,0.0582987256534857,0.0520033985035999
"$106,001 - $107,000",106001,107000,106500.5,"25-34","ks_25_34",2156.03538691111,0.584733641645733,0.183247996518703,0.0639022324788698,0.0578140051996084,0.0582987256534857,0.0520033985035999
"$106,001 - $107,000",106001,107000,106500.5,"35-44","ks_35_44",2961.03974900822,0.584733641645733,0.183247996518703,0.0639022324788698,0.0578140051996084,0.0582987256534857,0.0520033985035999
"$106,001 - $107,000",106001,107000,106500.5,"45-54","ks_45_54",2695.51136209623,0.584733641645733,0.183247996518703,0.0639022324788698,0.0578140051996084,0.0582987256534857,0.0520033985035999
"$106,001 - $107,000",106001,107000,106500.5,"55-64","ks_55_64",2202.45139400147,0.584733641645733,0.183247996518703,0.0639022324788698,0.0578140051996084,0.0582987256534857,0.0520033985035999
"$106,001 - $107,000",106001,107000,106500.5,"65+","ks_65p",381.785674955399,0.584733641645733,0.183247996518703,0.0639022324788698,0.0578140051996084,0.0582987256534857,0.0520033985035999
"$107,001 - $108,000",107001,108000,107500.5,"Under 16","ks_u16",0,0.584733641645733,0.183247996518703,0.0639022324788698,0.0578140051996084,0.0582987256534857,0.0520033985035999
"$107,001 - $108,000",107001,108000,107500.5,"16-17","ks_16_17",0,0.584733641645733,0.183247996518703,0.0639022324788698,0.0578140051996084,0.0582987256534857,0.0520033985035999
"$107,001 - $108,000",107001,108000,107500.5,"18-24","ks_18_24",128.922931640523,0.584733641645733,0.183247996518703,0.0639022324788698,0.0578140051996084,0.0582987256534857,0.0520033985035999
"$107,001 - $108,000",107001,108000,107500.5,"25-34","ks_25_34",2112.21352945356,0.584733641645733,0.183247996518703,0.0639022324788698,0.0578140051996084,0.0582987256534857,0.0520033985035999
"$107,001 - $108,000",107001,108000,107500.5,"35-44","ks_35_44",2961.03974900822,0.584733641645733,0.183247996518703,0.0639022324788698,0.0578140051996084,0.0582987256534857,0.0520033985035999
"$107,001 - $108,000",107001,108000,107500.5,"45-54","ks_45_54",2624.34274527521,0.584733641645733,0.183247996518703,0.0639022324788698,0.0578140051996084,0.0582987256534857,0.0520033985035999
"$107,001 - $108,000",107001,108000,107500.5,"55-64","ks_55_64",2082.00483339202,0.584733641645733,0.183247996518703,0.0639022324788698,0.0578140051996084,0.0582987256534857,0.0520033985035999
"$107,001 - $108,000",107001,108000,107500.5,"65+","ks_65p",363.480882320552,0.584733641645733,0.183247996518703,0.0639022324788698,0.0578140051996084,0.0582987256534857,0.0520033985035999
"$108,001 - $109,000",108001,109000,108500.5,"Under 16","ks_u16",0.883842577861251,0.584733641645733,0.183247996518703,0.0639022324788698,0.0578140051996084,0.0582987256534857,0.0520033985035999
"$108,001 - $109,000",108001,109000,108500.5,"16-17","ks_16_17",2.06925681961966,0.584733641645733,0.183247996518703,0.0639022324788698,0.0578140051996084,0.0582987256534857,0.0520033985035999
"$108,001 - $109,000",108001,109000,108500.5,"18-24","ks_18_24",106.576290156165,0.584733641645733,0.183247996518703,0.0639022324788698,0.0578140051996084,0.0582987256534857,0.0520033985035999
"$108,001 - $109,000",108001,109000,108500.5,"25-34","ks_25_34",2085.92041497904,0.584733641645733,0.183247996518703,0.0639022324788698,0.0578140051996084,0.0582987256534857,0.0520033985035999
"$108,001 - $109,000",108001,109000,108500.5,"35-44","ks_35_44",2961.03974900822,0.584733641645733,0.183247996518703,0.0639022324788698,0.0578140051996084,0.0582987256534857,0.0520033985035999
"$108,001 - $109,000",108001,109000,108500.5,"45-54","ks_45_54",2508.69374294104,0.584733641645733,0.183247996518703,0.0639022324788698,0.0578140051996084,0.0582987256534857,0.0520033985035999
"$108,001 - $109,000",108001,109000,108500.5,"55-64","ks_55_64",1978.7649242982,0.584733641645733,0.183247996518703,0.0639022324788698,0.0578140051996084,0.0582987256534857,0.0520033985035999
"$108,001 - $109,000",108001,109000,108500.5,"65+","ks_65p",350.406030438517,0.584733641645733,0.183247996518703,0.0639022324788698,0.0578140051996084,0.0582987256534857,0.0520033985035999
"$109,001 - $110,000",109001,110000,109500.5,"Under 16","ks_u16",0,0.584733641645733,0.183247996518703,0.0639022324788698,0.0578140051996084,0.0582987256534857,0.0520033985035999
"$109,001 - $110,000",109001,110000,109500.5,"16-17","ks_16_17",0,0.584733641645733,0.183247996518703,0.0639022324788698,0.0578140051996084,0.0582987256534857,0.0520033985035999
"$109,001 - $110,000",109001,110000,109500.5,"18-24","ks_18_24",111.733207421786,0.584733641645733,0.183247996518703,0.0639022324788698,0.0578140051996084,0.0582987256534857,0.0520033985035999
"$109,001 - $110,000",109001,110000,109500.5,"25-34","ks_25_34",2059.62730050451,0.584733641645733,0.183247996518703,0.0639022324788698,0.0578140051996084,0.0582987256534857,0.0520033985035999
"$109,001 - $110,000",109001,110000,109500.5,"35-44","ks_35_44",2980.14323125989,0.584733641645733,0.183247996518703,0.0639022324788698,0.0578140051996084,0.0582987256534857,0.0520033985035999
"$109,001 - $110,000",109001,110000,109500.5,"45-54","ks_45_54",2508.69374294104,0.584733641645733,0.183247996518703,0.0639022324788698,0.0578140051996084,0.0582987256534857,0.0520033985035999
"$109,001 - $110,000",109001,110000,109500.5,"55-64","ks_55_64",1952.95494702474,0.584733641645733,0.183247996518703,0.0639022324788698,0.0578140051996084,0.0582987256534857,0.0520033985035999
"$109,001 - $110,000",109001,110000,109500.5,"65+","ks_65p",337.331178556483,0.584733641645733,0.183247996518703,0.0639022324788698,0.0578140051996084,0.0582987256534857,0.0520033985035999
"$110,001 - $111,000",110001,111000,110500.5,"Under 16","ks_u16",0,0.580797283887279,0.186428546298505,0.065130790253752,0.0595437773091187,0.0587943605627459,0.0493052416886
"$110,001 - $111,000",110001,111000,110500.5,"16-17","ks_16_17",0,0.580797283887279,0.186428546298505,0.065130790253752,0.0595437773091187,0.0587943605627459,0.0493052416886
"$110,001 - $111,000",110001,111000,110500.5,"18-24","ks_18_24",120.328069531154,0.580797283887279,0.186428546298505,0.065130790253752,0.0595437773091187,0.0587943605627459,0.0493052416886
"$110,001 - $111,000",110001,111000,110500.5,"25-34","ks_25_34",2033.33418602999,0.580797283887279,0.186428546298505,0.065130790253752,0.0595437773091187,0.0587943605627459,0.0493052416886
"$110,001 - $111,000",110001,111000,110500.5,"35-44","ks_35_44",2941.93626675655,0.580797283887279,0.186428546298505,0.065130790253752,0.0595437773091187,0.0587943605627459,0.0493052416886
"$110,001 - $111,000",110001,111000,110500.5,"45-54","ks_45_54",2570.96628265944,0.580797283887279,0.186428546298505,0.065130790253752,0.0595437773091187,0.0587943605627459,0.0493052416886
"$110,001 - $111,000",110001,111000,110500.5,"55-64","ks_55_64",1944.35162126692,0.580797283887279,0.186428546298505,0.065130790253752,0.0595437773091187,0.0587943605627459,0.0493052416886
"$110,001 - $111,000",110001,111000,110500.5,"65+","ks_65p",337.331178556483,0.580797283887279,0.186428546298505,0.065130790253752,0.0595437773091187,0.0587943605627459,0.0493052416886
"$111,001 - $112,000",111001,112000,111500.5,"Under 16","ks_u16",0.883842577861251,0.580797283887279,0.186428546298505,0.065130790253752,0.0595437773091187,0.0587943605627459,0.0493052416886
"$111,001 - $112,000",111001,112000,111500.5,"16-17","ks_16_17",2.06925681961966,0.580797283887279,0.186428546298505,0.065130790253752,0.0595437773091187,0.0587943605627459,0.0493052416886
"$111,001 - $112,000",111001,112000,111500.5,"18-24","ks_18_24",106.576290156165,0.580797283887279,0.186428546298505,0.065130790253752,0.0595437773091187,0.0587943605627459,0.0493052416886
"$111,001 - $112,000",111001,112000,111500.5,"25-34","ks_25_34",1893.10424216585,0.580797283887279,0.186428546298505,0.065130790253752,0.0595437773091187,0.0587943605627459,0.0493052416886
"$111,001 - $112,000",111001,112000,111500.5,"35-44","ks_35_44",2693.5909974849,0.580797283887279,0.186428546298505,0.065130790253752,0.0595437773091187,0.0587943605627459,0.0493052416886
"$111,001 - $112,000",111001,112000,111500.5,"45-54","ks_45_54",2321.87612378586,0.580797283887279,0.186428546298505,0.065130790253752,0.0595437773091187,0.0587943605627459,0.0493052416886
"$111,001 - $112,000",111001,112000,111500.5,"55-64","ks_55_64",1909.93831823565,0.580797283887279,0.186428546298505,0.065130790253752,0.0595437773091187,0.0587943605627459,0.0493052416886
"$111,001 - $112,000",111001,112000,111500.5,"65+","ks_65p",321.641356298042,0.580797283887279,0.186428546298505,0.065130790253752,0.0595437773091187,0.0587943605627459,0.0493052416886
"$112,001 - $113,000",112001,113000,112500.5,"Under 16","ks_u16",0,0.580797283887279,0.186428546298505,0.065130790253752,0.0595437773091187,0.0587943605627459,0.0493052416886
"$112,001 - $113,000",112001,113000,112500.5,"16-17","ks_16_17",0,0.580797283887279,0.186428546298505,0.065130790253752,0.0595437773091187,0.0587943605627459,0.0493052416886
"$112,001 - $113,000",112001,113000,112500.5,"18-24","ks_18_24",94.5434832030499,0.580797283887279,0.186428546298505,0.065130790253752,0.0595437773091187,0.0587943605627459,0.0493052416886
"$112,001 - $113,000",112001,113000,112500.5,"25-34","ks_25_34",1796.69615575926,0.580797283887279,0.186428546298505,0.065130790253752,0.0595437773091187,0.0587943605627459,0.0493052416886
"$112,001 - $113,000",112001,113000,112500.5,"35-44","ks_35_44",2693.5909974849,0.580797283887279,0.186428546298505,0.065130790253752,0.0595437773091187,0.0587943605627459,0.0493052416886
"$112,001 - $113,000",112001,113000,112500.5,"45-54","ks_45_54",2312.98004668323,0.580797283887279,0.186428546298505,0.065130790253752,0.0595437773091187,0.0587943605627459,0.0493052416886
"$112,001 - $113,000",112001,113000,112500.5,"55-64","ks_55_64",1798.09508338401,0.580797283887279,0.186428546298505,0.065130790253752,0.0595437773091187,0.0587943605627459,0.0493052416886
"$112,001 - $113,000",112001,113000,112500.5,"65+","ks_65p",337.331178556483,0.580797283887279,0.186428546298505,0.065130790253752,0.0595437773091187,0.0587943605627459,0.0493052416886
"$113,001 - $114,000",113001,114000,113500.5,"Under 16","ks_u16",0,0.580797283887279,0.186428546298505,0.065130790253752,0.0595437773091187,0.0587943605627459,0.0493052416886
"$113,001 - $114,000",113001,114000,113500.5,"16-17","ks_16_17",0,0.580797283887279,0.186428546298505,0.065130790253752,0.0595437773091187,0.0587943605627459,0.0493052416886
"$113,001 - $114,000",113001,114000,113500.5,"18-24","ks_18_24",77.3537589843135,0.580797283887279,0.186428546298505,0.065130790253752,0.0595437773091187,0.0587943605627459,0.0493052416886
"$113,001 - $114,000",113001,114000,113500.5,"25-34","ks_25_34",1779.16741277624,0.580797283887279,0.186428546298505,0.065130790253752,0.0595437773091187,0.0587943605627459,0.0493052416886
"$113,001 - $114,000",113001,114000,113500.5,"35-44","ks_35_44",2607.6253273524,0.580797283887279,0.186428546298505,0.065130790253752,0.0595437773091187,0.0587943605627459,0.0493052416886
"$113,001 - $114,000",113001,114000,113500.5,"45-54","ks_45_54",2250.70750696484,0.580797283887279,0.186428546298505,0.065130790253752,0.0595437773091187,0.0587943605627459,0.0493052416886
"$113,001 - $114,000",113001,114000,113500.5,"55-64","ks_55_64",1703.45850004801,0.580797283887279,0.186428546298505,0.065130790253752,0.0595437773091187,0.0587943605627459,0.0493052416886
"$113,001 - $114,000",113001,114000,113500.5,"65+","ks_65p",316.411415545228,0.580797283887279,0.186428546298505,0.065130790253752,0.0595437773091187,0.0587943605627459,0.0493052416886
"$114,001 - $115,000",114001,115000,114500.5,"Under 16","ks_u16",0,0.580797283887279,0.186428546298505,0.065130790253752,0.0595437773091187,0.0587943605627459,0.0493052416886
"$114,001 - $115,000",114001,115000,114500.5,"16-17","ks_16_17",0,0.580797283887279,0.186428546298505,0.065130790253752,0.0595437773091187,0.0587943605627459,0.0493052416886
"$114,001 - $115,000",114001,115000,114500.5,"18-24","ks_18_24",68.7588968749453,0.580797283887279,0.186428546298505,0.065130790253752,0.0595437773091187,0.0587943605627459,0.0493052416886
"$114,001 - $115,000",114001,115000,114500.5,"25-34","ks_25_34",1735.3455553187,0.580797283887279,0.186428546298505,0.065130790253752,0.0595437773091187,0.0587943605627459,0.0493052416886
"$114,001 - $115,000",114001,115000,114500.5,"35-44","ks_35_44",2521.6596572199,0.580797283887279,0.186428546298505,0.065130790253752,0.0595437773091187,0.0587943605627459,0.0493052416886
"$114,001 - $115,000",114001,115000,114500.5,"45-54","ks_45_54",2232.91535275958,0.580797283887279,0.186428546298505,0.065130790253752,0.0595437773091187,0.0587943605627459,0.0493052416886
"$114,001 - $115,000",114001,115000,114500.5,"55-64","ks_55_64",1798.09508338401,0.580797283887279,0.186428546298505,0.065130790253752,0.0595437773091187,0.0587943605627459,0.0493052416886
"$114,001 - $115,000",114001,115000,114500.5,"65+","ks_65p",303.336563663194,0.580797283887279,0.186428546298505,0.065130790253752,0.0595437773091187,0.0587943605627459,0.0493052416886
"$115,001 - $116,000",115001,116000,115500.5,"Under 16","ks_u16",0,0.580797283887279,0.186428546298505,0.065130790253752,0.0595437773091187,0.0587943605627459,0.0493052416886
"$115,001 - $116,000",115001,116000,115500.5,"16-17","ks_16_17",0,0.580797283887279,0.186428546298505,0.065130790253752,0.0595437773091187,0.0587943605627459,0.0493052416886
"$115,001 - $116,000",115001,116000,115500.5,"18-24","ks_18_24",68.7588968749453,0.580797283887279,0.186428546298505,0.065130790253752,0.0595437773091187,0.0587943605627459,0.0493052416886
"$115,001 - $116,000",115001,116000,115500.5,"25-34","ks_25_34",1647.70184040361,0.580797283887279,0.186428546298505,0.065130790253752,0.0595437773091187,0.0587943605627459,0.0493052416886
"$115,001 - $116,000",115001,116000,115500.5,"35-44","ks_35_44",2559.86662172323,0.580797283887279,0.186428546298505,0.065130790253752,0.0595437773091187,0.0587943605627459,0.0493052416886
"$115,001 - $116,000",115001,116000,115500.5,"45-54","ks_45_54",2161.74673593856,0.580797283887279,0.186428546298505,0.065130790253752,0.0595437773091187,0.0587943605627459,0.0493052416886
"$115,001 - $116,000",115001,116000,115500.5,"55-64","ks_55_64",1694.8551742902,0.580797283887279,0.186428546298505,0.065130790253752,0.0595437773091187,0.0587943605627459,0.0493052416886
"$115,001 - $116,000",115001,116000,115500.5,"65+","ks_65p",316.411415545228,0.580797283887279,0.186428546298505,0.065130790253752,0.0595437773091187,0.0587943605627459,0.0493052416886
"$116,001 - $117,000",116001,117000,116500.5,"Under 16","ks_u16",0.883842577861251,0.580797283887279,0.186428546298505,0.065130790253752,0.0595437773091187,0.0587943605627459,0.0493052416886
"$116,001 - $117,000",116001,117000,116500.5,"16-17","ks_16_17",2.06925681961966,0.580797283887279,0.186428546298505,0.065130790253752,0.0595437773091187,0.0587943605627459,0.0493052416886
"$116,001 - $117,000",116001,117000,116500.5,"18-24","ks_18_24",72.1968417186926,0.580797283887279,0.186428546298505,0.065130790253752,0.0595437773091187,0.0587943605627459,0.0493052416886
"$116,001 - $117,000",116001,117000,116500.5,"25-34","ks_25_34",1525.00063952249,0.580797283887279,0.186428546298505,0.065130790253752,0.0595437773091187,0.0587943605627459,0.0493052416886
"$116,001 - $117,000",116001,117000,116500.5,"35-44","ks_35_44",2454.79746933907,0.580797283887279,0.186428546298505,0.065130790253752,0.0595437773091187,0.0587943605627459,0.0493052416886
"$116,001 - $117,000",116001,117000,116500.5,"45-54","ks_45_54",2152.85065883593,0.580797283887279,0.186428546298505,0.065130790253752,0.0595437773091187,0.0587943605627459,0.0493052416886
"$116,001 - $117,000",116001,117000,116500.5,"55-64","ks_55_64",1729.26847732147,0.580797283887279,0.186428546298505,0.065130790253752,0.0595437773091187,0.0587943605627459,0.0493052416886
"$116,001 - $117,000",116001,117000,116500.5,"65+","ks_65p",303.336563663194,0.580797283887279,0.186428546298505,0.065130790253752,0.0595437773091187,0.0587943605627459,0.0493052416886
"$117,001 - $118,000",117001,118000,117500.5,"Under 16","ks_u16",0,0.580797283887279,0.186428546298505,0.065130790253752,0.0595437773091187,0.0587943605627459,0.0493052416886
"$117,001 - $118,000",117001,118000,117500.5,"16-17","ks_16_17",0,0.580797283887279,0.186428546298505,0.065130790253752,0.0595437773091187,0.0587943605627459,0.0493052416886
"$117,001 - $118,000",117001,118000,117500.5,"18-24","ks_18_24",60.1640347655772,0.580797283887279,0.186428546298505,0.065130790253752,0.0595437773091187,0.0587943605627459,0.0493052416886
"$117,001 - $118,000",117001,118000,117500.5,"25-34","ks_25_34",1507.47189653947,0.580797283887279,0.186428546298505,0.065130790253752,0.0595437773091187,0.0587943605627459,0.0493052416886
"$117,001 - $118,000",117001,118000,117500.5,"35-44","ks_35_44",2387.93528145824,0.580797283887279,0.186428546298505,0.065130790253752,0.0595437773091187,0.0587943605627459,0.0493052416886
"$117,001 - $118,000",117001,118000,117500.5,"45-54","ks_45_54",2046.0977336044,0.580797283887279,0.186428546298505,0.065130790253752,0.0595437773091187,0.0587943605627459,0.0493052416886
"$117,001 - $118,000",117001,118000,117500.5,"55-64","ks_55_64",1591.61526519638,0.580797283887279,0.186428546298505,0.065130790253752,0.0595437773091187,0.0587943605627459,0.0493052416886
"$117,001 - $118,000",117001,118000,117500.5,"65+","ks_65p",287.646741404753,0.580797283887279,0.186428546298505,0.065130790253752,0.0595437773091187,0.0587943605627459,0.0493052416886
"$118,001 - $119,000",118001,119000,118500.5,"Under 16","ks_u16",0,0.580797283887279,0.186428546298505,0.065130790253752,0.0595437773091187,0.0587943605627459,0.0493052416886
"$118,001 - $119,000",118001,119000,118500.5,"16-17","ks_16_17",0,0.580797283887279,0.186428546298505,0.065130790253752,0.0595437773091187,0.0587943605627459,0.0493052416886
"$118,001 - $119,000",118001,119000,118500.5,"18-24","ks_18_24",60.1640347655772,0.580797283887279,0.186428546298505,0.065130790253752,0.0595437773091187,0.0587943605627459,0.0493052416886
"$118,001 - $119,000",118001,119000,118500.5,"25-34","ks_25_34",1481.17878206495,0.580797283887279,0.186428546298505,0.065130790253752,0.0595437773091187,0.0587943605627459,0.0493052416886
"$118,001 - $119,000",118001,119000,118500.5,"35-44","ks_35_44",2282.86612907408,0.580797283887279,0.186428546298505,0.065130790253752,0.0595437773091187,0.0587943605627459,0.0493052416886
"$118,001 - $119,000",118001,119000,118500.5,"45-54","ks_45_54",2090.57811911754,0.580797283887279,0.186428546298505,0.065130790253752,0.0595437773091187,0.0587943605627459,0.0493052416886
"$118,001 - $119,000",118001,119000,118500.5,"55-64","ks_55_64",1496.97868186038,0.580797283887279,0.186428546298505,0.065130790253752,0.0595437773091187,0.0587943605627459,0.0493052416886
"$118,001 - $119,000",118001,119000,118500.5,"65+","ks_65p",292.876682157567,0.580797283887279,0.186428546298505,0.065130790253752,0.0595437773091187,0.0587943605627459,0.0493052416886
"$119,001 - $120,000",119001,120000,119500.5,"Under 16","ks_u16",0,0.580797283887279,0.186428546298505,0.065130790253752,0.0595437773091187,0.0587943605627459,0.0493052416886
"$119,001 - $120,000",119001,120000,119500.5,"16-17","ks_16_17",0,0.580797283887279,0.186428546298505,0.065130790253752,0.0595437773091187,0.0587943605627459,0.0493052416886
"$119,001 - $120,000",119001,120000,119500.5,"18-24","ks_18_24",60.1640347655772,0.580797283887279,0.186428546298505,0.065130790253752,0.0595437773091187,0.0587943605627459,0.0493052416886
"$119,001 - $120,000",119001,120000,119500.5,"25-34","ks_25_34",1437.3569246074,0.580797283887279,0.186428546298505,0.065130790253752,0.0595437773091187,0.0587943605627459,0.0493052416886
"$119,001 - $120,000",119001,120000,119500.5,"35-44","ks_35_44",2340.17657582908,0.580797283887279,0.186428546298505,0.065130790253752,0.0595437773091187,0.0587943605627459,0.0493052416886
"$119,001 - $120,000",119001,120000,119500.5,"45-54","ks_45_54",2152.85065883593,0.580797283887279,0.186428546298505,0.065130790253752,0.0595437773091187,0.0587943605627459,0.0493052416886
"$119,001 - $120,000",119001,120000,119500.5,"55-64","ks_55_64",1634.63189398547,0.580797283887279,0.186428546298505,0.065130790253752,0.0595437773091187,0.0587943605627459,0.0493052416886
"$119,001 - $120,000",119001,120000,119500.5,"65+","ks_65p",266.726978393498,0.580797283887279,0.186428546298505,0.065130790253752,0.0595437773091187,0.0587943605627459,0.0493052416886
"$120,001 - $121,000",120001,121000,120500.5,"Under 16","ks_u16",0,0.572639093888198,0.186807048171079,0.0658280115551759,0.0585726468569988,0.0599414174484221,0.056211782080127
"$120,001 - $121,000",120001,121000,120500.5,"16-17","ks_16_17",0,0.572639093888198,0.186807048171079,0.0658280115551759,0.0585726468569988,0.0599414174484221,0.056211782080127
"$120,001 - $121,000",120001,121000,120500.5,"18-24","ks_18_24",51.569172656209,0.572639093888198,0.186807048171079,0.0658280115551759,0.0585726468569988,0.0599414174484221,0.056211782080127
"$120,001 - $121,000",120001,121000,120500.5,"25-34","ks_25_34",1507.47189653947,0.572639093888198,0.186807048171079,0.0658280115551759,0.0585726468569988,0.0599414174484221,0.056211782080127
"$120,001 - $121,000",120001,121000,120500.5,"35-44","ks_35_44",2550.3148805974,0.572639093888198,0.186807048171079,0.0658280115551759,0.0585726468569988,0.0599414174484221,0.056211782080127
"$120,001 - $121,000",120001,121000,120500.5,"45-54","ks_45_54",2099.47419622016,0.572639093888198,0.186807048171079,0.0658280115551759,0.0585726468569988,0.0599414174484221,0.056211782080127
"$120,001 - $121,000",120001,121000,120500.5,"55-64","ks_55_64",1677.64852277456,0.572639093888198,0.186807048171079,0.0658280115551759,0.0585726468569988,0.0599414174484221,0.056211782080127
"$120,001 - $121,000",120001,121000,120500.5,"65+","ks_65p",264.112008017091,0.572639093888198,0.186807048171079,0.0658280115551759,0.0585726468569988,0.0599414174484221,0.056211782080127
"$121,001 - $122,000",121001,122000,121500.5,"Under 16","ks_u16",0,0.572639093888198,0.186807048171079,0.0658280115551759,0.0585726468569988,0.0599414174484221,0.056211782080127
"$121,001 - $122,000",121001,122000,121500.5,"16-17","ks_16_17",0,0.572639093888198,0.186807048171079,0.0658280115551759,0.0585726468569988,0.0599414174484221,0.056211782080127
"$121,001 - $122,000",121001,122000,121500.5,"18-24","ks_18_24",42.9743105468408,0.572639093888198,0.186807048171079,0.0658280115551759,0.0585726468569988,0.0599414174484221,0.056211782080127
"$121,001 - $122,000",121001,122000,121500.5,"25-34","ks_25_34",1402.29943864137,0.572639093888198,0.186807048171079,0.0658280115551759,0.0585726468569988,0.0599414174484221,0.056211782080127
"$121,001 - $122,000",121001,122000,121500.5,"35-44","ks_35_44",2158.69349443825,0.572639093888198,0.186807048171079,0.0658280115551759,0.0585726468569988,0.0599414174484221,0.056211782080127
"$121,001 - $122,000",121001,122000,121500.5,"45-54","ks_45_54",1912.65657706498,0.572639093888198,0.186807048171079,0.0658280115551759,0.0585726468569988,0.0599414174484221,0.056211782080127
"$121,001 - $122,000",121001,122000,121500.5,"55-64","ks_55_64",1479.77203034474,0.572639093888198,0.186807048171079,0.0658280115551759,0.0585726468569988,0.0599414174484221,0.056211782080127
"$121,001 - $122,000",121001,122000,121500.5,"65+","ks_65p",269.341948769905,0.572639093888198,0.186807048171079,0.0658280115551759,0.0585726468569988,0.0599414174484221,0.056211782080127
"$122,001 - $123,000",122001,123000,122500.5,"Under 16","ks_u16",0,0.572639093888198,0.186807048171079,0.0658280115551759,0.0585726468569988,0.0599414174484221,0.056211782080127
"$122,001 - $123,000",122001,123000,122500.5,"16-17","ks_16_17",0,0.572639093888198,0.186807048171079,0.0658280115551759,0.0585726468569988,0.0599414174484221,0.056211782080127
"$122,001 - $123,000",122001,123000,122500.5,"18-24","ks_18_24",42.9743105468408,0.572639093888198,0.186807048171079,0.0658280115551759,0.0585726468569988,0.0599414174484221,0.056211782080127
"$122,001 - $123,000",122001,123000,122500.5,"25-34","ks_25_34",1305.89135223478,0.572639093888198,0.186807048171079,0.0658280115551759,0.0585726468569988,0.0599414174484221,0.056211782080127
"$122,001 - $123,000",122001,123000,122500.5,"35-44","ks_35_44",2130.03827106075,0.572639093888198,0.186807048171079,0.0658280115551759,0.0585726468569988,0.0599414174484221,0.056211782080127
"$122,001 - $123,000",122001,123000,122500.5,"45-54","ks_45_54",1885.9683457571,0.572639093888198,0.186807048171079,0.0658280115551759,0.0585726468569988,0.0599414174484221,0.056211782080127
"$122,001 - $123,000",122001,123000,122500.5,"55-64","ks_55_64",1410.94542428219,0.572639093888198,0.186807048171079,0.0658280115551759,0.0585726468569988,0.0599414174484221,0.056211782080127
"$122,001 - $123,000",122001,123000,122500.5,"65+","ks_65p",248.42218575865,0.572639093888198,0.186807048171079,0.0658280115551759,0.0585726468569988,0.0599414174484221,0.056211782080127
"$123,001 - $124,000",123001,124000,123500.5,"Under 16","ks_u16",0,0.572639093888198,0.186807048171079,0.0658280115551759,0.0585726468569988,0.0599414174484221,0.056211782080127
"$123,001 - $124,000",123001,124000,123500.5,"16-17","ks_16_17",0,0.572639093888198,0.186807048171079,0.0658280115551759,0.0585726468569988,0.0599414174484221,0.056211782080127
"$123,001 - $124,000",123001,124000,123500.5,"18-24","ks_18_24",42.9743105468408,0.572639093888198,0.186807048171079,0.0658280115551759,0.0585726468569988,0.0599414174484221,0.056211782080127
"$123,001 - $124,000",123001,124000,123500.5,"25-34","ks_25_34",1305.89135223478,0.572639093888198,0.186807048171079,0.0658280115551759,0.0585726468569988,0.0599414174484221,0.056211782080127
"$123,001 - $124,000",123001,124000,123500.5,"35-44","ks_35_44",2063.17608317992,0.572639093888198,0.186807048171079,0.0658280115551759,0.0585726468569988,0.0599414174484221,0.056211782080127
"$123,001 - $124,000",123001,124000,123500.5,"45-54","ks_45_54",1761.42326632031,0.572639093888198,0.186807048171079,0.0658280115551759,0.0585726468569988,0.0599414174484221,0.056211782080127
"$123,001 - $124,000",123001,124000,123500.5,"55-64","ks_55_64",1342.11881821965,0.572639093888198,0.186807048171079,0.0658280115551759,0.0585726468569988,0.0599414174484221,0.056211782080127
"$123,001 - $124,000",123001,124000,123500.5,"65+","ks_65p",266.726978393498,0.572639093888198,0.186807048171079,0.0658280115551759,0.0585726468569988,0.0599414174484221,0.056211782080127
"$124,001 - $125,000",124001,125000,124500.5,"Under 16","ks_u16",0,0.572639093888198,0.186807048171079,0.0658280115551759,0.0585726468569988,0.0599414174484221,0.056211782080127
"$124,001 - $125,000",124001,125000,124500.5,"16-17","ks_16_17",0,0.572639093888198,0.186807048171079,0.0658280115551759,0.0585726468569988,0.0599414174484221,0.056211782080127
"$124,001 - $125,000",124001,125000,124500.5,"18-24","ks_18_24",34.3794484374727,0.572639093888198,0.186807048171079,0.0658280115551759,0.0585726468569988,0.0599414174484221,0.056211782080127
"$124,001 - $125,000",124001,125000,124500.5,"25-34","ks_25_34",1253.30512328572,0.572639093888198,0.186807048171079,0.0658280115551759,0.0585726468569988,0.0599414174484221,0.056211782080127
"$124,001 - $125,000",124001,125000,124500.5,"35-44","ks_35_44",2063.17608317992,0.572639093888198,0.186807048171079,0.0658280115551759,0.0585726468569988,0.0599414174484221,0.056211782080127
"$124,001 - $125,000",124001,125000,124500.5,"45-54","ks_45_54",1823.6958060387,0.572639093888198,0.186807048171079,0.0658280115551759,0.0585726468569988,0.0599414174484221,0.056211782080127
"$124,001 - $125,000",124001,125000,124500.5,"55-64","ks_55_64",1359.32546973528,0.572639093888198,0.186807048171079,0.0658280115551759,0.0585726468569988,0.0599414174484221,0.056211782080127
"$124,001 - $125,000",124001,125000,124500.5,"65+","ks_65p",235.347333876616,0.572639093888198,0.186807048171079,0.0658280115551759,0.0585726468569988,0.0599414174484221,0.056211782080127
"$125,001 - $126,000",125001,126000,125500.5,"Under 16","ks_u16",0,0.572639093888198,0.186807048171079,0.0658280115551759,0.0585726468569988,0.0599414174484221,0.056211782080127
"$125,001 - $126,000",125001,126000,125500.5,"16-17","ks_16_17",0,0.572639093888198,0.186807048171079,0.0658280115551759,0.0585726468569988,0.0599414174484221,0.056211782080127
"$125,001 - $126,000",125001,126000,125500.5,"18-24","ks_18_24",34.3794484374727,0.572639093888198,0.186807048171079,0.0658280115551759,0.0585726468569988,0.0599414174484221,0.056211782080127
"$125,001 - $126,000",125001,126000,125500.5,"25-34","ks_25_34",1235.77638030271,0.572639093888198,0.186807048171079,0.0658280115551759,0.0585726468569988,0.0599414174484221,0.056211782080127
"$125,001 - $126,000",125001,126000,125500.5,"35-44","ks_35_44",2072.72782430575,0.572639093888198,0.186807048171079,0.0658280115551759,0.0585726468569988,0.0599414174484221,0.056211782080127
"$125,001 - $126,000",125001,126000,125500.5,"45-54","ks_45_54",1814.79972893607,0.572639093888198,0.186807048171079,0.0658280115551759,0.0585726468569988,0.0599414174484221,0.056211782080127
"$125,001 - $126,000",125001,126000,125500.5,"55-64","ks_55_64",1316.30884094619,0.572639093888198,0.186807048171079,0.0658280115551759,0.0585726468569988,0.0599414174484221,0.056211782080127
"$125,001 - $126,000",125001,126000,125500.5,"65+","ks_65p",248.42218575865,0.572639093888198,0.186807048171079,0.0658280115551759,0.0585726468569988,0.0599414174484221,0.056211782080127
"$126,001 - $127,000",126001,127000,126500.5,"Under 16","ks_u16",0,0.572639093888198,0.186807048171079,0.0658280115551759,0.0585726468569988,0.0599414174484221,0.056211782080127
"$126,001 - $127,000",126001,127000,126500.5,"16-17","ks_16_17",0,0.572639093888198,0.186807048171079,0.0658280115551759,0.0585726468569988,0.0599414174484221,0.056211782080127
"$126,001 - $127,000",126001,127000,126500.5,"18-24","ks_18_24",25.7845863281045,0.572639093888198,0.186807048171079,0.0658280115551759,0.0585726468569988,0.0599414174484221,0.056211782080127
"$126,001 - $127,000",126001,127000,126500.5,"25-34","ks_25_34",1113.07517942159,0.572639093888198,0.186807048171079,0.0658280115551759,0.0585726468569988,0.0599414174484221,0.056211782080127
"$126,001 - $127,000",126001,127000,126500.5,"35-44","ks_35_44",2015.41737755076,0.572639093888198,0.186807048171079,0.0658280115551759,0.0585726468569988,0.0599414174484221,0.056211782080127
"$126,001 - $127,000",126001,127000,126500.5,"45-54","ks_45_54",1743.63111211505,0.572639093888198,0.186807048171079,0.0658280115551759,0.0585726468569988,0.0599414174484221,0.056211782080127
"$126,001 - $127,000",126001,127000,126500.5,"55-64","ks_55_64",1299.10218943056,0.572639093888198,0.186807048171079,0.0658280115551759,0.0585726468569988,0.0599414174484221,0.056211782080127
"$126,001 - $127,000",126001,127000,126500.5,"65+","ks_65p",235.347333876616,0.572639093888198,0.186807048171079,0.0658280115551759,0.0585726468569988,0.0599414174484221,0.056211782080127
"$127,001 - $128,000",127001,128000,127500.5,"Under 16","ks_u16",0,0.572639093888198,0.186807048171079,0.0658280115551759,0.0585726468569988,0.0599414174484221,0.056211782080127
"$127,001 - $128,000",127001,128000,127500.5,"16-17","ks_16_17",0,0.572639093888198,0.186807048171079,0.0658280115551759,0.0585726468569988,0.0599414174484221,0.056211782080127
"$127,001 - $128,000",127001,128000,127500.5,"18-24","ks_18_24",17.1897242187363,0.572639093888198,0.186807048171079,0.0658280115551759,0.0585726468569988,0.0599414174484221,0.056211782080127
"$127,001 - $128,000",127001,128000,127500.5,"25-34","ks_25_34",1121.8395509131,0.572639093888198,0.186807048171079,0.0658280115551759,0.0585726468569988,0.0599414174484221,0.056211782080127
"$127,001 - $128,000",127001,128000,127500.5,"35-44","ks_35_44",1996.31389529909,0.572639093888198,0.186807048171079,0.0658280115551759,0.0585726468569988,0.0599414174484221,0.056211782080127
"$127,001 - $128,000",127001,128000,127500.5,"45-54","ks_45_54",1636.87818688352,0.572639093888198,0.186807048171079,0.0658280115551759,0.0585726468569988,0.0599414174484221,0.056211782080127
"$127,001 - $128,000",127001,128000,127500.5,"55-64","ks_55_64",1281.89553791492,0.572639093888198,0.186807048171079,0.0658280115551759,0.0585726468569988,0.0599414174484221,0.056211782080127
"$127,001 - $128,000",127001,128000,127500.5,"65+","ks_65p",232.732363500209,0.572639093888198,0.186807048171079,0.0658280115551759,0.0585726468569988,0.0599414174484221,0.056211782080127
"$128,001 - $129,000",128001,129000,128500.5,"Under 16","ks_u16",0,0.572639093888198,0.186807048171079,0.0658280115551759,0.0585726468569988,0.0599414174484221,0.056211782080127
"$128,001 - $129,000",128001,129000,128500.5,"16-17","ks_16_17",0,0.572639093888198,0.186807048171079,0.0658280115551759,0.0585726468569988,0.0599414174484221,0.056211782080127
"$128,001 - $129,000",128001,129000,128500.5,"18-24","ks_18_24",34.3794484374727,0.572639093888198,0.186807048171079,0.0658280115551759,0.0585726468569988,0.0599414174484221,0.056211782080127
"$128,001 - $129,000",128001,129000,128500.5,"25-34","ks_25_34",1148.13266538762,0.572639093888198,0.186807048171079,0.0658280115551759,0.0585726468569988,0.0599414174484221,0.056211782080127
"$128,001 - $129,000",128001,129000,128500.5,"35-44","ks_35_44",1862.58951953743,0.572639093888198,0.186807048171079,0.0658280115551759,0.0585726468569988,0.0599414174484221,0.056211782080127
"$128,001 - $129,000",128001,129000,128500.5,"45-54","ks_45_54",1636.87818688352,0.572639093888198,0.186807048171079,0.0658280115551759,0.0585726468569988,0.0599414174484221,0.056211782080127
"$128,001 - $129,000",128001,129000,128500.5,"55-64","ks_55_64",1221.67225761019,0.572639093888198,0.186807048171079,0.0658280115551759,0.0585726468569988,0.0599414174484221,0.056211782080127
"$128,001 - $129,000",128001,129000,128500.5,"65+","ks_65p",243.192245005837,0.572639093888198,0.186807048171079,0.0658280115551759,0.0585726468569988,0.0599414174484221,0.056211782080127
"$129,001 - $130,000",129001,130000,129500.5,"Under 16","ks_u16",0,0.572639093888198,0.186807048171079,0.0658280115551759,0.0585726468569988,0.0599414174484221,0.056211782080127
"$129,001 - $130,000",129001,130000,129500.5,"16-17","ks_16_17",0,0.572639093888198,0.186807048171079,0.0658280115551759,0.0585726468569988,0.0599414174484221,0.056211782080127
"$129,001 - $130,000",129001,130000,129500.5,"18-24","ks_18_24",34.3794484374727,0.572639093888198,0.186807048171079,0.0658280115551759,0.0585726468569988,0.0599414174484221,0.056211782080127
"$129,001 - $130,000",129001,130000,129500.5,"25-34","ks_25_34",1069.25332196404,0.572639093888198,0.186807048171079,0.0658280115551759,0.0585726468569988,0.0599414174484221,0.056211782080127
"$129,001 - $130,000",129001,130000,129500.5,"35-44","ks_35_44",1900.79648404076,0.572639093888198,0.186807048171079,0.0658280115551759,0.0585726468569988,0.0599414174484221,0.056211782080127
"$129,001 - $130,000",129001,130000,129500.5,"45-54","ks_45_54",1645.77426398615,0.572639093888198,0.186807048171079,0.0658280115551759,0.0585726468569988,0.0599414174484221,0.056211782080127
"$129,001 - $130,000",129001,130000,129500.5,"55-64","ks_55_64",1238.87890912583,0.572639093888198,0.186807048171079,0.0658280115551759,0.0585726468569988,0.0599414174484221,0.056211782080127
"$129,001 - $130,000",129001,130000,129500.5,"65+","ks_65p",219.657511618175,0.572639093888198,0.186807048171079,0.0658280115551759,0.0585726468569988,0.0599414174484221,0.056211782080127
"$130,001 - $131,000",130001,131000,130500.5,"Under 16","ks_u16",0,0.571207461369843,0.187541866232746,0.0652476138960192,0.0582690827135764,0.0590638618180121,0.0586701139698026
"$130,001 - $131,000",130001,131000,130500.5,"16-17","ks_16_17",0,0.571207461369843,0.187541866232746,0.0652476138960192,0.0582690827135764,0.0590638618180121,0.0586701139698026
"$130,001 - $131,000",130001,131000,130500.5,"18-24","ks_18_24",34.3794484374727,0.571207461369843,0.187541866232746,0.0652476138960192,0.0582690827135764,0.0590638618180121,0.0586701139698026
"$130,001 - $131,000",130001,131000,130500.5,"25-34","ks_25_34",1051.72457898103,0.571207461369843,0.187541866232746,0.0652476138960192,0.0582690827135764,0.0590638618180121,0.0586701139698026
"$130,001 - $131,000",130001,131000,130500.5,"35-44","ks_35_44",1881.69300178909,0.571207461369843,0.187541866232746,0.0652476138960192,0.0582690827135764,0.0590638618180121,0.0586701139698026
"$130,001 - $131,000",130001,131000,130500.5,"45-54","ks_45_54",1619.08603267826,0.571207461369843,0.187541866232746,0.0652476138960192,0.0582690827135764,0.0590638618180121,0.0586701139698026
"$130,001 - $131,000",130001,131000,130500.5,"55-64","ks_55_64",1230.27558336801,0.571207461369843,0.187541866232746,0.0652476138960192,0.0582690827135764,0.0590638618180121,0.0586701139698026
"$130,001 - $131,000",130001,131000,130500.5,"65+","ks_65p",211.812600488954,0.571207461369843,0.187541866232746,0.0652476138960192,0.0582690827135764,0.0590638618180121,0.0586701139698026
"$131,001 - $132,000",131001,132000,131500.5,"Under 16","ks_u16",0,0.571207461369843,0.187541866232746,0.0652476138960192,0.0582690827135764,0.0590638618180121,0.0586701139698026
"$131,001 - $132,000",131001,132000,131500.5,"16-17","ks_16_17",0,0.571207461369843,0.187541866232746,0.0652476138960192,0.0582690827135764,0.0590638618180121,0.0586701139698026
"$131,001 - $132,000",131001,132000,131500.5,"18-24","ks_18_24",17.1897242187363,0.571207461369843,0.187541866232746,0.0652476138960192,0.0582690827135764,0.0590638618180121,0.0586701139698026
"$131,001 - $132,000",131001,132000,131500.5,"25-34","ks_25_34",1034.19583599801,0.571207461369843,0.187541866232746,0.0652476138960192,0.0582690827135764,0.0590638618180121,0.0586701139698026
"$131,001 - $132,000",131001,132000,131500.5,"35-44","ks_35_44",1767.0721082791,0.571207461369843,0.187541866232746,0.0652476138960192,0.0582690827135764,0.0590638618180121,0.0586701139698026
"$131,001 - $132,000",131001,132000,131500.5,"45-54","ks_45_54",1512.33310744673,0.571207461369843,0.187541866232746,0.0652476138960192,0.0582690827135764,0.0590638618180121,0.0586701139698026
"$131,001 - $132,000",131001,132000,131500.5,"55-64","ks_55_64",1187.25895457892,0.571207461369843,0.187541866232746,0.0652476138960192,0.0582690827135764,0.0590638618180121,0.0586701139698026
"$131,001 - $132,000",131001,132000,131500.5,"65+","ks_65p",217.042541241768,0.571207461369843,0.187541866232746,0.0652476138960192,0.0582690827135764,0.0590638618180121,0.0586701139698026
"$132,001 - $133,000",132001,133000,132500.5,"Under 16","ks_u16",0,0.571207461369843,0.187541866232746,0.0652476138960192,0.0582690827135764,0.0590638618180121,0.0586701139698026
"$132,001 - $133,000",132001,133000,132500.5,"16-17","ks_16_17",0,0.571207461369843,0.187541866232746,0.0652476138960192,0.0582690827135764,0.0590638618180121,0.0586701139698026
"$132,001 - $133,000",132001,133000,132500.5,"18-24","ks_18_24",25.7845863281045,0.571207461369843,0.187541866232746,0.0652476138960192,0.0582690827135764,0.0590638618180121,0.0586701139698026
"$132,001 - $133,000",132001,133000,132500.5,"25-34","ks_25_34",964.080864065942,0.571207461369843,0.187541866232746,0.0652476138960192,0.0582690827135764,0.0590638618180121,0.0586701139698026
"$132,001 - $133,000",132001,133000,132500.5,"35-44","ks_35_44",1786.17559053076,0.571207461369843,0.187541866232746,0.0652476138960192,0.0582690827135764,0.0590638618180121,0.0586701139698026
"$132,001 - $133,000",132001,133000,132500.5,"45-54","ks_45_54",1547.91741585724,0.571207461369843,0.187541866232746,0.0652476138960192,0.0582690827135764,0.0590638618180121,0.0586701139698026
"$132,001 - $133,000",132001,133000,132500.5,"55-64","ks_55_64",1161.44897730546,0.571207461369843,0.187541866232746,0.0652476138960192,0.0582690827135764,0.0590638618180121,0.0586701139698026
"$132,001 - $133,000",132001,133000,132500.5,"65+","ks_65p",206.582659736141,0.571207461369843,0.187541866232746,0.0652476138960192,0.0582690827135764,0.0590638618180121,0.0586701139698026
"$133,001 - $134,000",133001,134000,133500.5,"Under 16","ks_u16",0,0.571207461369843,0.187541866232746,0.0652476138960192,0.0582690827135764,0.0590638618180121,0.0586701139698026
"$133,001 - $134,000",133001,134000,133500.5,"16-17","ks_16_17",0,0.571207461369843,0.187541866232746,0.0652476138960192,0.0582690827135764,0.0590638618180121,0.0586701139698026
"$133,001 - $134,000",133001,134000,133500.5,"18-24","ks_18_24",17.1897242187363,0.571207461369843,0.187541866232746,0.0652476138960192,0.0582690827135764,0.0590638618180121,0.0586701139698026
"$133,001 - $134,000",133001,134000,133500.5,"25-34","ks_25_34",920.259006608399,0.571207461369843,0.187541866232746,0.0652476138960192,0.0582690827135764,0.0590638618180121,0.0586701139698026
"$133,001 - $134,000",133001,134000,133500.5,"35-44","ks_35_44",1681.1064381466,0.571207461369843,0.187541866232746,0.0652476138960192,0.0582690827135764,0.0590638618180121,0.0586701139698026
"$133,001 - $134,000",133001,134000,133500.5,"45-54","ks_45_54",1450.06056772833,0.571207461369843,0.187541866232746,0.0652476138960192,0.0582690827135764,0.0590638618180121,0.0586701139698026
"$133,001 - $134,000",133001,134000,133500.5,"55-64","ks_55_64",1127.03567427419,0.571207461369843,0.187541866232746,0.0652476138960192,0.0582690827135764,0.0590638618180121,0.0586701139698026
"$133,001 - $134,000",133001,134000,133500.5,"65+","ks_65p",190.8928374777,0.571207461369843,0.187541866232746,0.0652476138960192,0.0582690827135764,0.0590638618180121,0.0586701139698026
"$134,001 - $135,000",134001,135000,134500.5,"Under 16","ks_u16",0,0.571207461369843,0.187541866232746,0.0652476138960192,0.0582690827135764,0.0590638618180121,0.0586701139698026
"$134,001 - $135,000",134001,135000,134500.5,"16-17","ks_16_17",0,0.571207461369843,0.187541866232746,0.0652476138960192,0.0582690827135764,0.0590638618180121,0.0586701139698026
"$134,001 - $135,000",134001,135000,134500.5,"18-24","ks_18_24",25.7845863281045,0.571207461369843,0.187541866232746,0.0652476138960192,0.0582690827135764,0.0590638618180121,0.0586701139698026
"$134,001 - $135,000",134001,135000,134500.5,"25-34","ks_25_34",893.965892133873,0.571207461369843,0.187541866232746,0.0652476138960192,0.0582690827135764,0.0590638618180121,0.0586701139698026
"$134,001 - $135,000",134001,135000,134500.5,"35-44","ks_35_44",1642.89947364327,0.571207461369843,0.187541866232746,0.0652476138960192,0.0582690827135764,0.0590638618180121,0.0586701139698026
"$134,001 - $135,000",134001,135000,134500.5,"45-54","ks_45_54",1476.74879903622,0.571207461369843,0.187541866232746,0.0652476138960192,0.0582690827135764,0.0590638618180121,0.0586701139698026
"$134,001 - $135,000",134001,135000,134500.5,"55-64","ks_55_64",1075.41571972728,0.571207461369843,0.187541866232746,0.0652476138960192,0.0582690827135764,0.0590638618180121,0.0586701139698026
"$134,001 - $135,000",134001,135000,134500.5,"65+","ks_65p",214.427570865361,0.571207461369843,0.187541866232746,0.0652476138960192,0.0582690827135764,0.0590638618180121,0.0586701139698026
"$135,001 - $136,000",135001,136000,135500.5,"Under 16","ks_u16",0,0.571207461369843,0.187541866232746,0.0652476138960192,0.0582690827135764,0.0590638618180121,0.0586701139698026
"$135,001 - $136,000",135001,136000,135500.5,"16-17","ks_16_17",0,0.571207461369843,0.187541866232746,0.0652476138960192,0.0582690827135764,0.0590638618180121,0.0586701139698026
"$135,001 - $136,000",135001,136000,135500.5,"18-24","ks_18_24",34.3794484374727,0.571207461369843,0.187541866232746,0.0652476138960192,0.0582690827135764,0.0590638618180121,0.0586701139698026
"$135,001 - $136,000",135001,136000,135500.5,"25-34","ks_25_34",885.201520642365,0.571207461369843,0.187541866232746,0.0652476138960192,0.0582690827135764,0.0590638618180121,0.0586701139698026
"$135,001 - $136,000",135001,136000,135500.5,"35-44","ks_35_44",1662.00295589494,0.571207461369843,0.187541866232746,0.0652476138960192,0.0582690827135764,0.0590638618180121,0.0586701139698026
"$135,001 - $136,000",135001,136000,135500.5,"45-54","ks_45_54",1441.16449062571,0.571207461369843,0.187541866232746,0.0652476138960192,0.0582690827135764,0.0590638618180121,0.0586701139698026
"$135,001 - $136,000",135001,136000,135500.5,"55-64","ks_55_64",1075.41571972728,0.571207461369843,0.187541866232746,0.0652476138960192,0.0582690827135764,0.0590638618180121,0.0586701139698026
"$135,001 - $136,000",135001,136000,135500.5,"65+","ks_65p",190.8928374777,0.571207461369843,0.187541866232746,0.0652476138960192,0.0582690827135764,0.0590638618180121,0.0586701139698026
"$136,001 - $137,000",136001,137000,136500.5,"Under 16","ks_u16",0,0.571207461369843,0.187541866232746,0.0652476138960192,0.0582690827135764,0.0590638618180121,0.0586701139698026
"$136,001 - $137,000",136001,137000,136500.5,"16-17","ks_16_17",0,0.571207461369843,0.187541866232746,0.0652476138960192,0.0582690827135764,0.0590638618180121,0.0586701139698026
"$136,001 - $137,000",136001,137000,136500.5,"18-24","ks_18_24",17.1897242187363,0.571207461369843,0.187541866232746,0.0652476138960192,0.0582690827135764,0.0590638618180121,0.0586701139698026
"$136,001 - $137,000",136001,137000,136500.5,"25-34","ks_25_34",832.615291693313,0.571207461369843,0.187541866232746,0.0652476138960192,0.0582690827135764,0.0590638618180121,0.0586701139698026
"$136,001 - $137,000",136001,137000,136500.5,"35-44","ks_35_44",1576.03728576244,0.571207461369843,0.187541866232746,0.0652476138960192,0.0582690827135764,0.0590638618180121,0.0586701139698026
"$136,001 - $137,000",136001,137000,136500.5,"45-54","ks_45_54",1334.41156539417,0.571207461369843,0.187541866232746,0.0652476138960192,0.0582690827135764,0.0590638618180121,0.0586701139698026
"$136,001 - $137,000",136001,137000,136500.5,"55-64","ks_55_64",1092.62237124292,0.571207461369843,0.187541866232746,0.0652476138960192,0.0582690827135764,0.0590638618180121,0.0586701139698026
"$136,001 - $137,000",136001,137000,136500.5,"65+","ks_65p",185.662896724886,0.571207461369843,0.187541866232746,0.0652476138960192,0.0582690827135764,0.0590638618180121,0.0586701139698026
"$137,001 - $138,000",137001,138000,137500.5,"Under 16","ks_u16",0,0.571207461369843,0.187541866232746,0.0652476138960192,0.0582690827135764,0.0590638618180121,0.0586701139698026
"$137,001 - $138,000",137001,138000,137500.5,"16-17","ks_16_17",0,0.571207461369843,0.187541866232746,0.0652476138960192,0.0582690827135764,0.0590638618180121,0.0586701139698026
"$137,001 - $138,000",137001,138000,137500.5,"18-24","ks_18_24",17.1897242187363,0.571207461369843,0.187541866232746,0.0652476138960192,0.0582690827135764,0.0590638618180121,0.0586701139698026
"$137,001 - $138,000",137001,138000,137500.5,"25-34","ks_25_34",780.029062744262,0.571207461369843,0.187541866232746,0.0652476138960192,0.0582690827135764,0.0590638618180121,0.0586701139698026
"$137,001 - $138,000",137001,138000,137500.5,"35-44","ks_35_44",1528.27858013327,0.571207461369843,0.187541866232746,0.0652476138960192,0.0582690827135764,0.0590638618180121,0.0586701139698026
"$137,001 - $138,000",137001,138000,137500.5,"45-54","ks_45_54",1361.09979670206,0.571207461369843,0.187541866232746,0.0652476138960192,0.0582690827135764,0.0590638618180121,0.0586701139698026
"$137,001 - $138,000",137001,138000,137500.5,"55-64","ks_55_64",1066.81239396946,0.571207461369843,0.187541866232746,0.0652476138960192,0.0582690827135764,0.0590638618180121,0.0586701139698026
"$137,001 - $138,000",137001,138000,137500.5,"65+","ks_65p",167.358104090038,0.571207461369843,0.187541866232746,0.0652476138960192,0.0582690827135764,0.0590638618180121,0.0586701139698026
"$138,001 - $139,000",138001,139000,138500.5,"Under 16","ks_u16",0,0.571207461369843,0.187541866232746,0.0652476138960192,0.0582690827135764,0.0590638618180121,0.0586701139698026
"$138,001 - $139,000",138001,139000,138500.5,"16-17","ks_16_17",0,0.571207461369843,0.187541866232746,0.0652476138960192,0.0582690827135764,0.0590638618180121,0.0586701139698026
"$138,001 - $139,000",138001,139000,138500.5,"18-24","ks_18_24",17.1897242187363,0.571207461369843,0.187541866232746,0.0652476138960192,0.0582690827135764,0.0590638618180121,0.0586701139698026
"$138,001 - $139,000",138001,139000,138500.5,"25-34","ks_25_34",753.735948269736,0.571207461369843,0.187541866232746,0.0652476138960192,0.0582690827135764,0.0590638618180121,0.0586701139698026
"$138,001 - $139,000",138001,139000,138500.5,"35-44","ks_35_44",1470.96813337828,0.571207461369843,0.187541866232746,0.0652476138960192,0.0582690827135764,0.0590638618180121,0.0586701139698026
"$138,001 - $139,000",138001,139000,138500.5,"45-54","ks_45_54",1361.09979670206,0.571207461369843,0.187541866232746,0.0652476138960192,0.0582690827135764,0.0590638618180121,0.0586701139698026
"$138,001 - $139,000",138001,139000,138500.5,"55-64","ks_55_64",980.779136391281,0.571207461369843,0.187541866232746,0.0652476138960192,0.0582690827135764,0.0590638618180121,0.0586701139698026
"$138,001 - $139,000",138001,139000,138500.5,"65+","ks_65p",177.817985595666,0.571207461369843,0.187541866232746,0.0652476138960192,0.0582690827135764,0.0590638618180121,0.0586701139698026
"$139,001 - $140,000",139001,140000,139500.5,"Under 16","ks_u16",0,0.571207461369843,0.187541866232746,0.0652476138960192,0.0582690827135764,0.0590638618180121,0.0586701139698026
"$139,001 - $140,000",139001,140000,139500.5,"16-17","ks_16_17",0,0.571207461369843,0.187541866232746,0.0652476138960192,0.0582690827135764,0.0590638618180121,0.0586701139698026
"$139,001 - $140,000",139001,140000,139500.5,"18-24","ks_18_24",17.1897242187363,0.571207461369843,0.187541866232746,0.0652476138960192,0.0582690827135764,0.0590638618180121,0.0586701139698026
"$139,001 - $140,000",139001,140000,139500.5,"25-34","ks_25_34",797.557805727279,0.571207461369843,0.187541866232746,0.0652476138960192,0.0582690827135764,0.0590638618180121,0.0586701139698026
"$139,001 - $140,000",139001,140000,139500.5,"35-44","ks_35_44",1509.17509788161,0.571207461369843,0.187541866232746,0.0652476138960192,0.0582690827135764,0.0590638618180121,0.0586701139698026
"$139,001 - $140,000",139001,140000,139500.5,"45-54","ks_45_54",1272.13902567578,0.571207461369843,0.187541866232746,0.0652476138960192,0.0582690827135764,0.0590638618180121,0.0586701139698026
"$139,001 - $140,000",139001,140000,139500.5,"55-64","ks_55_64",989.382462149099,0.571207461369843,0.187541866232746,0.0652476138960192,0.0582690827135764,0.0590638618180121,0.0586701139698026
"$139,001 - $140,000",139001,140000,139500.5,"65+","ks_65p",169.973074466445,0.571207461369843,0.187541866232746,0.0652476138960192,0.0582690827135764,0.0590638618180121,0.0586701139698026
"$140,001 - $141,000",140001,141000,140500.5,"Under 16","ks_u16",0,0.566018994235641,0.18304562637643,0.0653373157054255,0.059356766290972,0.0591113841822546,0.0671299132092774
"$140,001 - $141,000",140001,141000,140500.5,"16-17","ks_16_17",0,0.566018994235641,0.18304562637643,0.0653373157054255,0.059356766290972,0.0591113841822546,0.0671299132092774
"$140,001 - $141,000",140001,141000,140500.5,"18-24","ks_18_24",17.1897242187363,0.566018994235641,0.18304562637643,0.0653373157054255,0.059356766290972,0.0591113841822546,0.0671299132092774
"$140,001 - $141,000",140001,141000,140500.5,"25-34","ks_25_34",841.379663184822,0.566018994235641,0.18304562637643,0.0653373157054255,0.059356766290972,0.0591113841822546,0.0671299132092774
"$140,001 - $141,000",140001,141000,140500.5,"35-44","ks_35_44",1585.58902688827,0.566018994235641,0.18304562637643,0.0653373157054255,0.059356766290972,0.0591113841822546,0.0671299132092774
"$140,001 - $141,000",140001,141000,140500.5,"45-54","ks_45_54",1387.78802800994,0.566018994235641,0.18304562637643,0.0653373157054255,0.059356766290972,0.0591113841822546,0.0671299132092774
"$140,001 - $141,000",140001,141000,140500.5,"55-64","ks_55_64",997.985787906917,0.566018994235641,0.18304562637643,0.0653373157054255,0.059356766290972,0.0591113841822546,0.0671299132092774
"$140,001 - $141,000",140001,141000,140500.5,"65+","ks_65p",180.432955972072,0.566018994235641,0.18304562637643,0.0653373157054255,0.059356766290972,0.0591113841822546,0.0671299132092774
"$141,001 - $142,000",141001,142000,141500.5,"Under 16","ks_u16",0,0.566018994235641,0.18304562637643,0.0653373157054255,0.059356766290972,0.0591113841822546,0.0671299132092774
"$141,001 - $142,000",141001,142000,141500.5,"16-17","ks_16_17",0,0.566018994235641,0.18304562637643,0.0653373157054255,0.059356766290972,0.0591113841822546,0.0671299132092774
"$141,001 - $142,000",141001,142000,141500.5,"18-24","ks_18_24",25.7845863281045,0.566018994235641,0.18304562637643,0.0653373157054255,0.059356766290972,0.0591113841822546,0.0671299132092774
"$141,001 - $142,000",141001,142000,141500.5,"25-34","ks_25_34",701.149719320685,0.566018994235641,0.18304562637643,0.0653373157054255,0.059356766290972,0.0591113841822546,0.0671299132092774
"$141,001 - $142,000",141001,142000,141500.5,"35-44","ks_35_44",1490.07161562994,0.566018994235641,0.18304562637643,0.0653373157054255,0.059356766290972,0.0591113841822546,0.0671299132092774
"$141,001 - $142,000",141001,142000,141500.5,"45-54","ks_45_54",1218.76256306001,0.566018994235641,0.18304562637643,0.0653373157054255,0.059356766290972,0.0591113841822546,0.0671299132092774
"$141,001 - $142,000",141001,142000,141500.5,"55-64","ks_55_64",946.365833360008,0.566018994235641,0.18304562637643,0.0653373157054255,0.059356766290972,0.0591113841822546,0.0671299132092774
"$141,001 - $142,000",141001,142000,141500.5,"65+","ks_65p",162.128163337224,0.566018994235641,0.18304562637643,0.0653373157054255,0.059356766290972,0.0591113841822546,0.0671299132092774
"$142,001 - $143,000",142001,143000,142500.5,"Under 16","ks_u16",0,0.566018994235641,0.18304562637643,0.0653373157054255,0.059356766290972,0.0591113841822546,0.0671299132092774
"$142,001 - $143,000",142001,143000,142500.5,"16-17","ks_16_17",0,0.566018994235641,0.18304562637643,0.0653373157054255,0.059356766290972,0.0591113841822546,0.0671299132092774
"$142,001 - $143,000",142001,143000,142500.5,"18-24","ks_18_24",17.1897242187363,0.566018994235641,0.18304562637643,0.0653373157054255,0.059356766290972,0.0591113841822546,0.0671299132092774
"$142,001 - $143,000",142001,143000,142500.5,"25-34","ks_25_34",674.856604846159,0.566018994235641,0.18304562637643,0.0653373157054255,0.059356766290972,0.0591113841822546,0.0671299132092774
"$142,001 - $143,000",142001,143000,142500.5,"35-44","ks_35_44",1423.20942774911,0.566018994235641,0.18304562637643,0.0653373157054255,0.059356766290972,0.0591113841822546,0.0671299132092774
"$142,001 - $143,000",142001,143000,142500.5,"45-54","ks_45_54",1192.07433175213,0.566018994235641,0.18304562637643,0.0653373157054255,0.059356766290972,0.0591113841822546,0.0671299132092774
"$142,001 - $143,000",142001,143000,142500.5,"55-64","ks_55_64",894.745878813098,0.566018994235641,0.18304562637643,0.0653373157054255,0.059356766290972,0.0591113841822546,0.0671299132092774
"$142,001 - $143,000",142001,143000,142500.5,"65+","ks_65p",159.513192960818,0.566018994235641,0.18304562637643,0.0653373157054255,0.059356766290972,0.0591113841822546,0.0671299132092774
"$143,001 - $144,000",143001,144000,143500.5,"Under 16","ks_u16",0,0.566018994235641,0.18304562637643,0.0653373157054255,0.059356766290972,0.0591113841822546,0.0671299132092774
"$143,001 - $144,000",143001,144000,143500.5,"16-17","ks_16_17",0,0.566018994235641,0.18304562637643,0.0653373157054255,0.059356766290972,0.0591113841822546,0.0671299132092774
"$143,001 - $144,000",143001,144000,143500.5,"18-24","ks_18_24",8.59486210936817,0.566018994235641,0.18304562637643,0.0653373157054255,0.059356766290972,0.0591113841822546,0.0671299132092774
"$143,001 - $144,000",143001,144000,143500.5,"25-34","ks_25_34",701.149719320685,0.566018994235641,0.18304562637643,0.0653373157054255,0.059356766290972,0.0591113841822546,0.0671299132092774
"$143,001 - $144,000",143001,144000,143500.5,"35-44","ks_35_44",1404.10594549745,0.566018994235641,0.18304562637643,0.0653373157054255,0.059356766290972,0.0591113841822546,0.0671299132092774
"$143,001 - $144,000",143001,144000,143500.5,"45-54","ks_45_54",1147.59394623899,0.566018994235641,0.18304562637643,0.0653373157054255,0.059356766290972,0.0591113841822546,0.0671299132092774
"$143,001 - $144,000",143001,144000,143500.5,"55-64","ks_55_64",911.952530328735,0.566018994235641,0.18304562637643,0.0653373157054255,0.059356766290972,0.0591113841822546,0.0671299132092774
"$143,001 - $144,000",143001,144000,143500.5,"65+","ks_65p",154.283252208004,0.566018994235641,0.18304562637643,0.0653373157054255,0.059356766290972,0.0591113841822546,0.0671299132092774
"$144,001 - $145,000",144001,145000,144500.5,"Under 16","ks_u16",0,0.566018994235641,0.18304562637643,0.0653373157054255,0.059356766290972,0.0591113841822546,0.0671299132092774
"$144,001 - $145,000",144001,145000,144500.5,"16-17","ks_16_17",0,0.566018994235641,0.18304562637643,0.0653373157054255,0.059356766290972,0.0591113841822546,0.0671299132092774
"$144,001 - $145,000",144001,145000,144500.5,"18-24","ks_18_24",17.1897242187363,0.566018994235641,0.18304562637643,0.0653373157054255,0.059356766290972,0.0591113841822546,0.0671299132092774
"$144,001 - $145,000",144001,145000,144500.5,"25-34","ks_25_34",657.327861863142,0.566018994235641,0.18304562637643,0.0653373157054255,0.059356766290972,0.0591113841822546,0.0671299132092774
"$144,001 - $145,000",144001,145000,144500.5,"35-44","ks_35_44",1346.79549874245,0.566018994235641,0.18304562637643,0.0653373157054255,0.059356766290972,0.0591113841822546,0.0671299132092774
"$144,001 - $145,000",144001,145000,144500.5,"45-54","ks_45_54",1236.55471726527,0.566018994235641,0.18304562637643,0.0653373157054255,0.059356766290972,0.0591113841822546,0.0671299132092774
"$144,001 - $145,000",144001,145000,144500.5,"55-64","ks_55_64",903.349204570916,0.566018994235641,0.18304562637643,0.0653373157054255,0.059356766290972,0.0591113841822546,0.0671299132092774
"$144,001 - $145,000",144001,145000,144500.5,"65+","ks_65p",154.283252208004,0.566018994235641,0.18304562637643,0.0653373157054255,0.059356766290972,0.0591113841822546,0.0671299132092774
"$145,001 - $146,000",145001,146000,145500.5,"Under 16","ks_u16",0,0.566018994235641,0.18304562637643,0.0653373157054255,0.059356766290972,0.0591113841822546,0.0671299132092774
"$145,001 - $146,000",145001,146000,145500.5,"16-17","ks_16_17",0,0.566018994235641,0.18304562637643,0.0653373157054255,0.059356766290972,0.0591113841822546,0.0671299132092774
"$145,001 - $146,000",145001,146000,145500.5,"18-24","ks_18_24",17.1897242187363,0.566018994235641,0.18304562637643,0.0653373157054255,0.059356766290972,0.0591113841822546,0.0671299132092774
"$145,001 - $146,000",145001,146000,145500.5,"25-34","ks_25_34",639.799118880125,0.566018994235641,0.18304562637643,0.0653373157054255,0.059356766290972,0.0591113841822546,0.0671299132092774
"$145,001 - $146,000",145001,146000,145500.5,"35-44","ks_35_44",1394.55420437161,0.566018994235641,0.18304562637643,0.0653373157054255,0.059356766290972,0.0591113841822546,0.0671299132092774
"$145,001 - $146,000",145001,146000,145500.5,"45-54","ks_45_54",1218.76256306001,0.566018994235641,0.18304562637643,0.0653373157054255,0.059356766290972,0.0591113841822546,0.0671299132092774
"$145,001 - $146,000",145001,146000,145500.5,"55-64","ks_55_64",860.332575781825,0.566018994235641,0.18304562637643,0.0653373157054255,0.059356766290972,0.0591113841822546,0.0671299132092774
"$145,001 - $146,000",145001,146000,145500.5,"65+","ks_65p",138.593429949563,0.566018994235641,0.18304562637643,0.0653373157054255,0.059356766290972,0.0591113841822546,0.0671299132092774
"$146,001 - $147,000",146001,147000,146500.5,"Under 16","ks_u16",0,0.566018994235641,0.18304562637643,0.0653373157054255,0.059356766290972,0.0591113841822546,0.0671299132092774
"$146,001 - $147,000",146001,147000,146500.5,"16-17","ks_16_17",0,0.566018994235641,0.18304562637643,0.0653373157054255,0.059356766290972,0.0591113841822546,0.0671299132092774
"$146,001 - $147,000",146001,147000,146500.5,"18-24","ks_18_24",8.59486210936817,0.566018994235641,0.18304562637643,0.0653373157054255,0.059356766290972,0.0591113841822546,0.0671299132092774
"$146,001 - $147,000",146001,147000,146500.5,"25-34","ks_25_34",631.034747388617,0.566018994235641,0.18304562637643,0.0653373157054255,0.059356766290972,0.0591113841822546,0.0671299132092774
"$146,001 - $147,000",146001,147000,146500.5,"35-44","ks_35_44",1375.45072211995,0.566018994235641,0.18304562637643,0.0653373157054255,0.059356766290972,0.0591113841822546,0.0671299132092774
"$146,001 - $147,000",146001,147000,146500.5,"45-54","ks_45_54",1165.38610044424,0.566018994235641,0.18304562637643,0.0653373157054255,0.059356766290972,0.0591113841822546,0.0671299132092774
"$146,001 - $147,000",146001,147000,146500.5,"55-64","ks_55_64",834.52259850837,0.566018994235641,0.18304562637643,0.0653373157054255,0.059356766290972,0.0591113841822546,0.0671299132092774
"$146,001 - $147,000",146001,147000,146500.5,"65+","ks_65p",143.823370702377,0.566018994235641,0.18304562637643,0.0653373157054255,0.059356766290972,0.0591113841822546,0.0671299132092774
"$147,001 - $148,000",147001,148000,147500.5,"Under 16","ks_u16",0,0.566018994235641,0.18304562637643,0.0653373157054255,0.059356766290972,0.0591113841822546,0.0671299132092774
"$147,001 - $148,000",147001,148000,147500.5,"16-17","ks_16_17",0,0.566018994235641,0.18304562637643,0.0653373157054255,0.059356766290972,0.0591113841822546,0.0671299132092774
"$147,001 - $148,000",147001,148000,147500.5,"18-24","ks_18_24",8.59486210936817,0.566018994235641,0.18304562637643,0.0653373157054255,0.059356766290972,0.0591113841822546,0.0671299132092774
"$147,001 - $148,000",147001,148000,147500.5,"25-34","ks_25_34",595.977261422582,0.566018994235641,0.18304562637643,0.0653373157054255,0.059356766290972,0.0591113841822546,0.0671299132092774
"$147,001 - $148,000",147001,148000,147500.5,"35-44","ks_35_44",1203.51938185495,0.566018994235641,0.18304562637643,0.0653373157054255,0.059356766290972,0.0591113841822546,0.0671299132092774
"$147,001 - $148,000",147001,148000,147500.5,"45-54","ks_45_54",1156.49002334162,0.566018994235641,0.18304562637643,0.0653373157054255,0.059356766290972,0.0591113841822546,0.0671299132092774
"$147,001 - $148,000",147001,148000,147500.5,"55-64","ks_55_64",851.729250024007,0.566018994235641,0.18304562637643,0.0653373157054255,0.059356766290972,0.0591113841822546,0.0671299132092774
"$147,001 - $148,000",147001,148000,147500.5,"65+","ks_65p",141.20840032597,0.566018994235641,0.18304562637643,0.0653373157054255,0.059356766290972,0.0591113841822546,0.0671299132092774
"$148,001 - $149,000",148001,149000,148500.5,"Under 16","ks_u16",0,0.566018994235641,0.18304562637643,0.0653373157054255,0.059356766290972,0.0591113841822546,0.0671299132092774
"$148,001 - $149,000",148001,149000,148500.5,"16-17","ks_16_17",0,0.566018994235641,0.18304562637643,0.0653373157054255,0.059356766290972,0.0591113841822546,0.0671299132092774
"$148,001 - $149,000",148001,149000,148500.5,"18-24","ks_18_24",17.1897242187363,0.566018994235641,0.18304562637643,0.0653373157054255,0.059356766290972,0.0591113841822546,0.0671299132092774
"$148,001 - $149,000",148001,149000,148500.5,"25-34","ks_25_34",560.919775456548,0.566018994235641,0.18304562637643,0.0653373157054255,0.059356766290972,0.0591113841822546,0.0671299132092774
"$148,001 - $149,000",148001,149000,148500.5,"35-44","ks_35_44",1222.62286410662,0.566018994235641,0.18304562637643,0.0653373157054255,0.059356766290972,0.0591113841822546,0.0671299132092774
"$148,001 - $149,000",148001,149000,148500.5,"45-54","ks_45_54",1049.73709811008,0.566018994235641,0.18304562637643,0.0653373157054255,0.059356766290972,0.0591113841822546,0.0671299132092774
"$148,001 - $149,000",148001,149000,148500.5,"55-64","ks_55_64",757.092666688006,0.566018994235641,0.18304562637643,0.0653373157054255,0.059356766290972,0.0591113841822546,0.0671299132092774
"$148,001 - $149,000",148001,149000,148500.5,"65+","ks_65p",141.20840032597,0.566018994235641,0.18304562637643,0.0653373157054255,0.059356766290972,0.0591113841822546,0.0671299132092774
"$149,001 - $150,000",149001,150000,149500.5,"Under 16","ks_u16",0,0.566018994235641,0.18304562637643,0.0653373157054255,0.059356766290972,0.0591113841822546,0.0671299132092774
"$149,001 - $150,000",149001,150000,149500.5,"16-17","ks_16_17",0,0.566018994235641,0.18304562637643,0.0653373157054255,0.059356766290972,0.0591113841822546,0.0671299132092774
"$149,001 - $150,000",149001,150000,149500.5,"18-24","ks_18_24",17.1897242187363,0.566018994235641,0.18304562637643,0.0653373157054255,0.059356766290972,0.0591113841822546,0.0671299132092774
"$149,001 - $150,000",149001,150000,149500.5,"25-34","ks_25_34",631.034747388617,0.566018994235641,0.18304562637643,0.0653373157054255,0.059356766290972,0.0591113841822546,0.0671299132092774
"$149,001 - $150,000",149001,150000,149500.5,"35-44","ks_35_44",1299.03679311328,0.566018994235641,0.18304562637643,0.0653373157054255,0.059356766290972,0.0591113841822546,0.0671299132092774
"$149,001 - $150,000",149001,150000,149500.5,"45-54","ks_45_54",1174.28217754687,0.566018994235641,0.18304562637643,0.0653373157054255,0.059356766290972,0.0591113841822546,0.0671299132092774
"$149,001 - $150,000",149001,150000,149500.5,"55-64","ks_55_64",851.729250024007,0.566018994235641,0.18304562637643,0.0653373157054255,0.059356766290972,0.0591113841822546,0.0671299132092774
"$149,001 - $150,000",149001,150000,149500.5,"65+","ks_65p",133.363489196749,0.566018994235641,0.18304562637643,0.0653373157054255,0.059356766290972,0.0591113841822546,0.0671299132092774
"$150,001 - $151,000",150001,151000,150500.5,"Under 16","ks_u16",0,0.522008683178158,0.172616040178759,0.0615991257754351,0.0573150785885981,0.0586653003170536,0.127795771961996
"$150,001 - $151,000",150001,151000,150500.5,"16-17","ks_16_17",0,0.522008683178158,0.172616040178759,0.0615991257754351,0.0573150785885981,0.0586653003170536,0.127795771961996
"$150,001 - $151,000",150001,151000,150500.5,"18-24","ks_18_24",17.1897242187363,0.522008683178158,0.172616040178759,0.0615991257754351,0.0573150785885981,0.0586653003170536,0.127795771961996
"$150,001 - $151,000",150001,151000,150500.5,"25-34","ks_25_34",569.684146948057,0.522008683178158,0.172616040178759,0.0615991257754351,0.0573150785885981,0.0586653003170536,0.127795771961996
"$150,001 - $151,000",150001,151000,150500.5,"35-44","ks_35_44",1461.41639225244,0.522008683178158,0.172616040178759,0.0615991257754351,0.0573150785885981,0.0586653003170536,0.127795771961996
"$150,001 - $151,000",150001,151000,150500.5,"45-54","ks_45_54",1272.13902567578,0.522008683178158,0.172616040178759,0.0615991257754351,0.0573150785885981,0.0586653003170536,0.127795771961996
"$150,001 - $151,000",150001,151000,150500.5,"55-64","ks_55_64",929.159181844371,0.522008683178158,0.172616040178759,0.0615991257754351,0.0573150785885981,0.0586653003170536,0.127795771961996
"$150,001 - $151,000",150001,151000,150500.5,"65+","ks_65p",141.20840032597,0.522008683178158,0.172616040178759,0.0615991257754351,0.0573150785885981,0.0586653003170536,0.127795771961996
"$151,001 - $152,000",151001,152000,151500.5,"Under 16","ks_u16",0,0.522008683178158,0.172616040178759,0.0615991257754351,0.0573150785885981,0.0586653003170536,0.127795771961996
"$151,001 - $152,000",151001,152000,151500.5,"16-17","ks_16_17",0,0.522008683178158,0.172616040178759,0.0615991257754351,0.0573150785885981,0.0586653003170536,0.127795771961996
"$151,001 - $152,000",151001,152000,151500.5,"18-24","ks_18_24",8.59486210936817,0.522008683178158,0.172616040178759,0.0615991257754351,0.0573150785885981,0.0586653003170536,0.127795771961996
"$151,001 - $152,000",151001,152000,151500.5,"25-34","ks_25_34",534.626660982022,0.522008683178158,0.172616040178759,0.0615991257754351,0.0573150785885981,0.0586653003170536,0.127795771961996
"$151,001 - $152,000",151001,152000,151500.5,"35-44","ks_35_44",1251.27808748412,0.522008683178158,0.172616040178759,0.0615991257754351,0.0573150785885981,0.0586653003170536,0.127795771961996
"$151,001 - $152,000",151001,152000,151500.5,"45-54","ks_45_54",996.360635494315,0.522008683178158,0.172616040178759,0.0615991257754351,0.0573150785885981,0.0586653003170536,0.127795771961996
"$151,001 - $152,000",151001,152000,151500.5,"55-64","ks_55_64",843.125924266189,0.522008683178158,0.172616040178759,0.0615991257754351,0.0573150785885981,0.0586653003170536,0.127795771961996
"$151,001 - $152,000",151001,152000,151500.5,"65+","ks_65p",130.748518820342,0.522008683178158,0.172616040178759,0.0615991257754351,0.0573150785885981,0.0586653003170536,0.127795771961996
"$152,001 - $153,000",152001,153000,152500.5,"Under 16","ks_u16",0,0.522008683178158,0.172616040178759,0.0615991257754351,0.0573150785885981,0.0586653003170536,0.127795771961996
"$152,001 - $153,000",152001,153000,152500.5,"16-17","ks_16_17",0,0.522008683178158,0.172616040178759,0.0615991257754351,0.0573150785885981,0.0586653003170536,0.127795771961996
"$152,001 - $153,000",152001,153000,152500.5,"18-24","ks_18_24",17.1897242187363,0.522008683178158,0.172616040178759,0.0615991257754351,0.0573150785885981,0.0586653003170536,0.127795771961996
"$152,001 - $153,000",152001,153000,152500.5,"25-34","ks_25_34",508.333546507497,0.522008683178158,0.172616040178759,0.0615991257754351,0.0573150785885981,0.0586653003170536,0.127795771961996
"$152,001 - $153,000",152001,153000,152500.5,"35-44","ks_35_44",1184.41589960329,0.522008683178158,0.172616040178759,0.0615991257754351,0.0573150785885981,0.0586653003170536,0.127795771961996
"$152,001 - $153,000",152001,153000,152500.5,"45-54","ks_45_54",1040.84102100745,0.522008683178158,0.172616040178759,0.0615991257754351,0.0573150785885981,0.0586653003170536,0.127795771961996
"$152,001 - $153,000",152001,153000,152500.5,"55-64","ks_55_64",791.505969719279,0.522008683178158,0.172616040178759,0.0615991257754351,0.0573150785885981,0.0586653003170536,0.127795771961996
"$152,001 - $153,000",152001,153000,152500.5,"65+","ks_65p",125.518578067529,0.522008683178158,0.172616040178759,0.0615991257754351,0.0573150785885981,0.0586653003170536,0.127795771961996
"$153,001 - $154,000",153001,154000,153500.5,"Under 16","ks_u16",0,0.522008683178158,0.172616040178759,0.0615991257754351,0.0573150785885981,0.0586653003170536,0.127795771961996
"$153,001 - $154,000",153001,154000,153500.5,"16-17","ks_16_17",0,0.522008683178158,0.172616040178759,0.0615991257754351,0.0573150785885981,0.0586653003170536,0.127795771961996
"$153,001 - $154,000",153001,154000,153500.5,"18-24","ks_18_24",17.1897242187363,0.522008683178158,0.172616040178759,0.0615991257754351,0.0573150785885981,0.0586653003170536,0.127795771961996
"$153,001 - $154,000",153001,154000,153500.5,"25-34","ks_25_34",499.569175015988,0.522008683178158,0.172616040178759,0.0615991257754351,0.0573150785885981,0.0586653003170536,0.127795771961996
"$153,001 - $154,000",153001,154000,153500.5,"35-44","ks_35_44",1098.45022947079,0.522008683178158,0.172616040178759,0.0615991257754351,0.0573150785885981,0.0586653003170536,0.127795771961996
"$153,001 - $154,000",153001,154000,153500.5,"45-54","ks_45_54",987.464558391687,0.522008683178158,0.172616040178759,0.0615991257754351,0.0573150785885981,0.0586653003170536,0.127795771961996
"$153,001 - $154,000",153001,154000,153500.5,"55-64","ks_55_64",808.712621234916,0.522008683178158,0.172616040178759,0.0615991257754351,0.0573150785885981,0.0586653003170536,0.127795771961996
"$153,001 - $154,000",153001,154000,153500.5,"65+","ks_65p",122.903607691122,0.522008683178158,0.172616040178759,0.0615991257754351,0.0573150785885981,0.0586653003170536,0.127795771961996
"$154,001 - $155,000",154001,155000,154500.5,"Under 16","ks_u16",0,0.522008683178158,0.172616040178759,0.0615991257754351,0.0573150785885981,0.0586653003170536,0.127795771961996
"$154,001 - $155,000",154001,155000,154500.5,"16-17","ks_16_17",0,0.522008683178158,0.172616040178759,0.0615991257754351,0.0573150785885981,0.0586653003170536,0.127795771961996
"$154,001 - $155,000",154001,155000,154500.5,"18-24","ks_18_24",8.59486210936817,0.522008683178158,0.172616040178759,0.0615991257754351,0.0573150785885981,0.0586653003170536,0.127795771961996
"$154,001 - $155,000",154001,155000,154500.5,"25-34","ks_25_34",464.511689049954,0.522008683178158,0.172616040178759,0.0615991257754351,0.0573150785885981,0.0586653003170536,0.127795771961996
"$154,001 - $155,000",154001,155000,154500.5,"35-44","ks_35_44",1098.45022947079,0.522008683178158,0.172616040178759,0.0615991257754351,0.0573150785885981,0.0586653003170536,0.127795771961996
"$154,001 - $155,000",154001,155000,154500.5,"45-54","ks_45_54",969.672404186432,0.522008683178158,0.172616040178759,0.0615991257754351,0.0573150785885981,0.0586653003170536,0.127795771961996
"$154,001 - $155,000",154001,155000,154500.5,"55-64","ks_55_64",714.076037898915,0.522008683178158,0.172616040178759,0.0615991257754351,0.0573150785885981,0.0586653003170536,0.127795771961996
"$154,001 - $155,000",154001,155000,154500.5,"65+","ks_65p",125.518578067529,0.522008683178158,0.172616040178759,0.0615991257754351,0.0573150785885981,0.0586653003170536,0.127795771961996
"$155,001 - $156,000",155001,156000,155500.5,"Under 16","ks_u16",0,0.522008683178158,0.172616040178759,0.0615991257754351,0.0573150785885981,0.0586653003170536,0.127795771961996
"$155,001 - $156,000",155001,156000,155500.5,"16-17","ks_16_17",0,0.522008683178158,0.172616040178759,0.0615991257754351,0.0573150785885981,0.0586653003170536,0.127795771961996
"$155,001 - $156,000",155001,156000,155500.5,"18-24","ks_18_24",8.59486210936817,0.522008683178158,0.172616040178759,0.0615991257754351,0.0573150785885981,0.0586653003170536,0.127795771961996
"$155,001 - $156,000",155001,156000,155500.5,"25-34","ks_25_34",455.747317558445,0.522008683178158,0.172616040178759,0.0615991257754351,0.0573150785885981,0.0586653003170536,0.127795771961996
"$155,001 - $156,000",155001,156000,155500.5,"35-44","ks_35_44",1146.20893509996,0.522008683178158,0.172616040178759,0.0615991257754351,0.0573150785885981,0.0586653003170536,0.127795771961996
"$155,001 - $156,000",155001,156000,155500.5,"45-54","ks_45_54",1014.15278969957,0.522008683178158,0.172616040178759,0.0615991257754351,0.0573150785885981,0.0586653003170536,0.127795771961996
"$155,001 - $156,000",155001,156000,155500.5,"55-64","ks_55_64",748.489340930188,0.522008683178158,0.172616040178759,0.0615991257754351,0.0573150785885981,0.0586653003170536,0.127795771961996
"$155,001 - $156,000",155001,156000,155500.5,"65+","ks_65p",130.748518820342,0.522008683178158,0.172616040178759,0.0615991257754351,0.0573150785885981,0.0586653003170536,0.127795771961996
"$156,001 - $157,000",156001,157000,156500.5,"Under 16","ks_u16",0,0.522008683178158,0.172616040178759,0.0615991257754351,0.0573150785885981,0.0586653003170536,0.127795771961996
"$156,001 - $157,000",156001,157000,156500.5,"16-17","ks_16_17",0,0.522008683178158,0.172616040178759,0.0615991257754351,0.0573150785885981,0.0586653003170536,0.127795771961996
"$156,001 - $157,000",156001,157000,156500.5,"18-24","ks_18_24",8.59486210936817,0.522008683178158,0.172616040178759,0.0615991257754351,0.0573150785885981,0.0586653003170536,0.127795771961996
"$156,001 - $157,000",156001,157000,156500.5,"25-34","ks_25_34",464.511689049954,0.522008683178158,0.172616040178759,0.0615991257754351,0.0573150785885981,0.0586653003170536,0.127795771961996
"$156,001 - $157,000",156001,157000,156500.5,"35-44","ks_35_44",1041.13978271579,0.522008683178158,0.172616040178759,0.0615991257754351,0.0573150785885981,0.0586653003170536,0.127795771961996
"$156,001 - $157,000",156001,157000,156500.5,"45-54","ks_45_54",934.08809577592,0.522008683178158,0.172616040178759,0.0615991257754351,0.0573150785885981,0.0586653003170536,0.127795771961996
"$156,001 - $157,000",156001,157000,156500.5,"55-64","ks_55_64",696.869386383278,0.522008683178158,0.172616040178759,0.0615991257754351,0.0573150785885981,0.0586653003170536,0.127795771961996
"$156,001 - $157,000",156001,157000,156500.5,"65+","ks_65p",115.058696561901,0.522008683178158,0.172616040178759,0.0615991257754351,0.0573150785885981,0.0586653003170536,0.127795771961996
"$157,001 - $158,000",157001,158000,157500.5,"Under 16","ks_u16",0,0.522008683178158,0.172616040178759,0.0615991257754351,0.0573150785885981,0.0586653003170536,0.127795771961996
"$157,001 - $158,000",157001,158000,157500.5,"16-17","ks_16_17",0,0.522008683178158,0.172616040178759,0.0615991257754351,0.0573150785885981,0.0586653003170536,0.127795771961996
"$157,001 - $158,000",157001,158000,157500.5,"18-24","ks_18_24",17.1897242187363,0.522008683178158,0.172616040178759,0.0615991257754351,0.0573150785885981,0.0586653003170536,0.127795771961996
"$157,001 - $158,000",157001,158000,157500.5,"25-34","ks_25_34",403.161088609394,0.522008683178158,0.172616040178759,0.0615991257754351,0.0573150785885981,0.0586653003170536,0.127795771961996
"$157,001 - $158,000",157001,158000,157500.5,"35-44","ks_35_44",1041.13978271579,0.522008683178158,0.172616040178759,0.0615991257754351,0.0573150785885981,0.0586653003170536,0.127795771961996
"$157,001 - $158,000",157001,158000,157500.5,"45-54","ks_45_54",942.984172878548,0.522008683178158,0.172616040178759,0.0615991257754351,0.0573150785885981,0.0586653003170536,0.127795771961996
"$157,001 - $158,000",157001,158000,157500.5,"55-64","ks_55_64",696.869386383278,0.522008683178158,0.172616040178759,0.0615991257754351,0.0573150785885981,0.0586653003170536,0.127795771961996
"$157,001 - $158,000",157001,158000,157500.5,"65+","ks_65p",122.903607691122,0.522008683178158,0.172616040178759,0.0615991257754351,0.0573150785885981,0.0586653003170536,0.127795771961996
"$158,001 - $159,000",158001,159000,158500.5,"Under 16","ks_u16",0,0.522008683178158,0.172616040178759,0.0615991257754351,0.0573150785885981,0.0586653003170536,0.127795771961996
"$158,001 - $159,000",158001,159000,158500.5,"16-17","ks_16_17",0,0.522008683178158,0.172616040178759,0.0615991257754351,0.0573150785885981,0.0586653003170536,0.127795771961996
"$158,001 - $159,000",158001,159000,158500.5,"18-24","ks_18_24",8.59486210936817,0.522008683178158,0.172616040178759,0.0615991257754351,0.0573150785885981,0.0586653003170536,0.127795771961996
"$158,001 - $159,000",158001,159000,158500.5,"25-34","ks_25_34",429.45420308392,0.522008683178158,0.172616040178759,0.0615991257754351,0.0573150785885981,0.0586653003170536,0.127795771961996
"$158,001 - $159,000",158001,159000,158500.5,"35-44","ks_35_44",1012.48455933829,0.522008683178158,0.172616040178759,0.0615991257754351,0.0573150785885981,0.0586653003170536,0.127795771961996
"$158,001 - $159,000",158001,159000,158500.5,"45-54","ks_45_54",862.919478954898,0.522008683178158,0.172616040178759,0.0615991257754351,0.0573150785885981,0.0586653003170536,0.127795771961996
"$158,001 - $159,000",158001,159000,158500.5,"55-64","ks_55_64",731.282689414551,0.522008683178158,0.172616040178759,0.0615991257754351,0.0573150785885981,0.0586653003170536,0.127795771961996
"$158,001 - $159,000",158001,159000,158500.5,"65+","ks_65p",120.288637314715,0.522008683178158,0.172616040178759,0.0615991257754351,0.0573150785885981,0.0586653003170536,0.127795771961996
"$159,001 - $160,000",159001,160000,159500.5,"Under 16","ks_u16",0,0.522008683178158,0.172616040178759,0.0615991257754351,0.0573150785885981,0.0586653003170536,0.127795771961996
"$159,001 - $160,000",159001,160000,159500.5,"16-17","ks_16_17",0,0.522008683178158,0.172616040178759,0.0615991257754351,0.0573150785885981,0.0586653003170536,0.127795771961996
"$159,001 - $160,000",159001,160000,159500.5,"18-24","ks_18_24",8.59486210936817,0.522008683178158,0.172616040178759,0.0615991257754351,0.0573150785885981,0.0586653003170536,0.127795771961996
"$159,001 - $160,000",159001,160000,159500.5,"25-34","ks_25_34",411.925460100902,0.522008683178158,0.172616040178759,0.0615991257754351,0.0573150785885981,0.0586653003170536,0.127795771961996
"$159,001 - $160,000",159001,160000,159500.5,"35-44","ks_35_44",993.381077086628,0.522008683178158,0.172616040178759,0.0615991257754351,0.0573150785885981,0.0586653003170536,0.127795771961996
"$159,001 - $160,000",159001,160000,159500.5,"45-54","ks_45_54",880.711633160154,0.522008683178158,0.172616040178759,0.0615991257754351,0.0573150785885981,0.0586653003170536,0.127795771961996
"$159,001 - $160,000",159001,160000,159500.5,"55-64","ks_55_64",714.076037898915,0.522008683178158,0.172616040178759,0.0615991257754351,0.0573150785885981,0.0586653003170536,0.127795771961996
"$159,001 - $160,000",159001,160000,159500.5,"65+","ks_65p",109.828755809088,0.522008683178158,0.172616040178759,0.0615991257754351,0.0573150785885981,0.0586653003170536,0.127795771961996
"$160,001 - $161,000",160001,161000,160500.5,"Under 16","ks_u16",0,0.522008683178158,0.172616040178759,0.0615991257754351,0.0573150785885981,0.0586653003170536,0.127795771961996
"$160,001 - $161,000",160001,161000,160500.5,"16-17","ks_16_17",0,0.522008683178158,0.172616040178759,0.0615991257754351,0.0573150785885981,0.0586653003170536,0.127795771961996
"$160,001 - $161,000",160001,161000,160500.5,"18-24","ks_18_24",8.59486210936817,0.522008683178158,0.172616040178759,0.0615991257754351,0.0573150785885981,0.0586653003170536,0.127795771961996
"$160,001 - $161,000",160001,161000,160500.5,"25-34","ks_25_34",411.925460100902,0.522008683178158,0.172616040178759,0.0615991257754351,0.0573150785885981,0.0586653003170536,0.127795771961996
"$160,001 - $161,000",160001,161000,160500.5,"35-44","ks_35_44",1079.34674721913,0.522008683178158,0.172616040178759,0.0615991257754351,0.0573150785885981,0.0586653003170536,0.127795771961996
"$160,001 - $161,000",160001,161000,160500.5,"45-54","ks_45_54",960.776327083804,0.522008683178158,0.172616040178759,0.0615991257754351,0.0573150785885981,0.0586653003170536,0.127795771961996
"$160,001 - $161,000",160001,161000,160500.5,"55-64","ks_55_64",731.282689414551,0.522008683178158,0.172616040178759,0.0615991257754351,0.0573150785885981,0.0586653003170536,0.127795771961996
"$160,001 - $161,000",160001,161000,160500.5,"65+","ks_65p",112.443726185494,0.522008683178158,0.172616040178759,0.0615991257754351,0.0573150785885981,0.0586653003170536,0.127795771961996
"$161,001 - $162,000",161001,162000,161500.5,"Under 16","ks_u16",0,0.522008683178158,0.172616040178759,0.0615991257754351,0.0573150785885981,0.0586653003170536,0.127795771961996
"$161,001 - $162,000",161001,162000,161500.5,"16-17","ks_16_17",0,0.522008683178158,0.172616040178759,0.0615991257754351,0.0573150785885981,0.0586653003170536,0.127795771961996
"$161,001 - $162,000",161001,162000,161500.5,"18-24","ks_18_24",8.59486210936817,0.522008683178158,0.172616040178759,0.0615991257754351,0.0573150785885981,0.0586653003170536,0.127795771961996
"$161,001 - $162,000",161001,162000,161500.5,"25-34","ks_25_34",385.632345626377,0.522008683178158,0.172616040178759,0.0615991257754351,0.0573150785885981,0.0586653003170536,0.127795771961996
"$161,001 - $162,000",161001,162000,161500.5,"35-44","ks_35_44",936.070630331631,0.522008683178158,0.172616040178759,0.0615991257754351,0.0573150785885981,0.0586653003170536,0.127795771961996
"$161,001 - $162,000",161001,162000,161500.5,"45-54","ks_45_54",960.776327083804,0.522008683178158,0.172616040178759,0.0615991257754351,0.0573150785885981,0.0586653003170536,0.127795771961996
"$161,001 - $162,000",161001,162000,161500.5,"55-64","ks_55_64",679.662734867642,0.522008683178158,0.172616040178759,0.0615991257754351,0.0573150785885981,0.0586653003170536,0.127795771961996
"$161,001 - $162,000",161001,162000,161500.5,"65+","ks_65p",109.828755809088,0.522008683178158,0.172616040178759,0.0615991257754351,0.0573150785885981,0.0586653003170536,0.127795771961996
"$162,001 - $163,000",162001,163000,162500.5,"Under 16","ks_u16",0,0.522008683178158,0.172616040178759,0.0615991257754351,0.0573150785885981,0.0586653003170536,0.127795771961996
"$162,001 - $163,000",162001,163000,162500.5,"16-17","ks_16_17",0,0.522008683178158,0.172616040178759,0.0615991257754351,0.0573150785885981,0.0586653003170536,0.127795771961996
"$162,001 - $163,000",162001,163000,162500.5,"18-24","ks_18_24",8.59486210936817,0.522008683178158,0.172616040178759,0.0615991257754351,0.0573150785885981,0.0586653003170536,0.127795771961996
"$162,001 - $163,000",162001,163000,162500.5,"25-34","ks_25_34",359.339231151851,0.522008683178158,0.172616040178759,0.0615991257754351,0.0573150785885981,0.0586653003170536,0.127795771961996
"$162,001 - $163,000",162001,163000,162500.5,"35-44","ks_35_44",945.622371457464,0.522008683178158,0.172616040178759,0.0615991257754351,0.0573150785885981,0.0586653003170536,0.127795771961996
"$162,001 - $163,000",162001,163000,162500.5,"45-54","ks_45_54",889.607710262781,0.522008683178158,0.172616040178759,0.0615991257754351,0.0573150785885981,0.0586653003170536,0.127795771961996
"$162,001 - $163,000",162001,163000,162500.5,"55-64","ks_55_64",645.249431836369,0.522008683178158,0.172616040178759,0.0615991257754351,0.0573150785885981,0.0586653003170536,0.127795771961996
"$162,001 - $163,000",162001,163000,162500.5,"65+","ks_65p",107.213785432681,0.522008683178158,0.172616040178759,0.0615991257754351,0.0573150785885981,0.0586653003170536,0.127795771961996
"$163,001 - $164,000",163001,164000,163500.5,"Under 16","ks_u16",0,0.522008683178158,0.172616040178759,0.0615991257754351,0.0573150785885981,0.0586653003170536,0.127795771961996
"$163,001 - $164,000",163001,164000,163500.5,"16-17","ks_16_17",0,0.522008683178158,0.172616040178759,0.0615991257754351,0.0573150785885981,0.0586653003170536,0.127795771961996
"$163,001 - $164,000",163001,164000,163500.5,"18-24","ks_18_24",8.59486210936817,0.522008683178158,0.172616040178759,0.0615991257754351,0.0573150785885981,0.0586653003170536,0.127795771961996
"$163,001 - $164,000",163001,164000,163500.5,"25-34","ks_25_34",333.046116677325,0.522008683178158,0.172616040178759,0.0615991257754351,0.0573150785885981,0.0586653003170536,0.127795771961996
"$163,001 - $164,000",163001,164000,163500.5,"35-44","ks_35_44",936.070630331631,0.522008683178158,0.172616040178759,0.0615991257754351,0.0573150785885981,0.0586653003170536,0.127795771961996
"$163,001 - $164,000",163001,164000,163500.5,"45-54","ks_45_54",854.02340185227,0.522008683178158,0.172616040178759,0.0615991257754351,0.0573150785885981,0.0586653003170536,0.127795771961996
"$163,001 - $164,000",163001,164000,163500.5,"55-64","ks_55_64",679.662734867642,0.522008683178158,0.172616040178759,0.0615991257754351,0.0573150785885981,0.0586653003170536,0.127795771961996
"$163,001 - $164,000",163001,164000,163500.5,"65+","ks_65p",115.058696561901,0.522008683178158,0.172616040178759,0.0615991257754351,0.0573150785885981,0.0586653003170536,0.127795771961996
"$164,001 - $165,000",164001,165000,164500.5,"Under 16","ks_u16",0,0.522008683178158,0.172616040178759,0.0615991257754351,0.0573150785885981,0.0586653003170536,0.127795771961996
"$164,001 - $165,000",164001,165000,164500.5,"16-17","ks_16_17",0,0.522008683178158,0.172616040178759,0.0615991257754351,0.0573150785885981,0.0586653003170536,0.127795771961996
"$164,001 - $165,000",164001,165000,164500.5,"18-24","ks_18_24",0,0.522008683178158,0.172616040178759,0.0615991257754351,0.0573150785885981,0.0586653003170536,0.127795771961996
"$164,001 - $165,000",164001,165000,164500.5,"25-34","ks_25_34",341.810488168834,0.522008683178158,0.172616040178759,0.0615991257754351,0.0573150785885981,0.0586653003170536,0.127795771961996
"$164,001 - $165,000",164001,165000,164500.5,"35-44","ks_35_44",878.760183576633,0.522008683178158,0.172616040178759,0.0615991257754351,0.0573150785885981,0.0586653003170536,0.127795771961996
"$164,001 - $165,000",164001,165000,164500.5,"45-54","ks_45_54",845.127324749642,0.522008683178158,0.172616040178759,0.0615991257754351,0.0573150785885981,0.0586653003170536,0.127795771961996
"$164,001 - $165,000",164001,165000,164500.5,"55-64","ks_55_64",653.852757594187,0.522008683178158,0.172616040178759,0.0615991257754351,0.0573150785885981,0.0586653003170536,0.127795771961996
"$164,001 - $165,000",164001,165000,164500.5,"65+","ks_65p",96.7539039270533,0.522008683178158,0.172616040178759,0.0615991257754351,0.0573150785885981,0.0586653003170536,0.127795771961996
"$165,001 - $166,000",165001,166000,165500.5,"Under 16","ks_u16",0,0.522008683178158,0.172616040178759,0.0615991257754351,0.0573150785885981,0.0586653003170536,0.127795771961996
"$165,001 - $166,000",165001,166000,165500.5,"16-17","ks_16_17",0,0.522008683178158,0.172616040178759,0.0615991257754351,0.0573150785885981,0.0586653003170536,0.127795771961996
"$165,001 - $166,000",165001,166000,165500.5,"18-24","ks_18_24",0,0.522008683178158,0.172616040178759,0.0615991257754351,0.0573150785885981,0.0586653003170536,0.127795771961996
"$165,001 - $166,000",165001,166000,165500.5,"25-34","ks_25_34",368.10360264336,0.522008683178158,0.172616040178759,0.0615991257754351,0.0573150785885981,0.0586653003170536,0.127795771961996
"$165,001 - $166,000",165001,166000,165500.5,"35-44","ks_35_44",907.415406954132,0.522008683178158,0.172616040178759,0.0615991257754351,0.0573150785885981,0.0586653003170536,0.127795771961996
"$165,001 - $166,000",165001,166000,165500.5,"45-54","ks_45_54",916.295941570665,0.522008683178158,0.172616040178759,0.0615991257754351,0.0573150785885981,0.0586653003170536,0.127795771961996
"$165,001 - $166,000",165001,166000,165500.5,"55-64","ks_55_64",653.852757594187,0.522008683178158,0.172616040178759,0.0615991257754351,0.0573150785885981,0.0586653003170536,0.127795771961996
"$165,001 - $166,000",165001,166000,165500.5,"65+","ks_65p",99.3688743034601,0.522008683178158,0.172616040178759,0.0615991257754351,0.0573150785885981,0.0586653003170536,0.127795771961996
"$166,001 - $167,000",166001,167000,166500.5,"Under 16","ks_u16",0,0.522008683178158,0.172616040178759,0.0615991257754351,0.0573150785885981,0.0586653003170536,0.127795771961996
"$166,001 - $167,000",166001,167000,166500.5,"16-17","ks_16_17",0,0.522008683178158,0.172616040178759,0.0615991257754351,0.0573150785885981,0.0586653003170536,0.127795771961996
"$166,001 - $167,000",166001,167000,166500.5,"18-24","ks_18_24",8.59486210936817,0.522008683178158,0.172616040178759,0.0615991257754351,0.0573150785885981,0.0586653003170536,0.127795771961996
"$166,001 - $167,000",166001,167000,166500.5,"25-34","ks_25_34",315.517373694308,0.522008683178158,0.172616040178759,0.0615991257754351,0.0573150785885981,0.0586653003170536,0.127795771961996
"$166,001 - $167,000",166001,167000,166500.5,"35-44","ks_35_44",878.760183576633,0.522008683178158,0.172616040178759,0.0615991257754351,0.0573150785885981,0.0586653003170536,0.127795771961996
"$166,001 - $167,000",166001,167000,166500.5,"45-54","ks_45_54",827.335170544387,0.522008683178158,0.172616040178759,0.0615991257754351,0.0573150785885981,0.0586653003170536,0.127795771961996
"$166,001 - $167,000",166001,167000,166500.5,"55-64","ks_55_64",602.232803047278,0.522008683178158,0.172616040178759,0.0615991257754351,0.0573150785885981,0.0586653003170536,0.127795771961996
"$166,001 - $167,000",166001,167000,166500.5,"65+","ks_65p",99.3688743034601,0.522008683178158,0.172616040178759,0.0615991257754351,0.0573150785885981,0.0586653003170536,0.127795771961996
"$167,001 - $168,000",167001,168000,167500.5,"Under 16","ks_u16",0,0.522008683178158,0.172616040178759,0.0615991257754351,0.0573150785885981,0.0586653003170536,0.127795771961996
"$167,001 - $168,000",167001,168000,167500.5,"16-17","ks_16_17",0,0.522008683178158,0.172616040178759,0.0615991257754351,0.0573150785885981,0.0586653003170536,0.127795771961996
"$167,001 - $168,000",167001,168000,167500.5,"18-24","ks_18_24",8.59486210936817,0.522008683178158,0.172616040178759,0.0615991257754351,0.0573150785885981,0.0586653003170536,0.127795771961996
"$167,001 - $168,000",167001,168000,167500.5,"25-34","ks_25_34",306.7530022028,0.522008683178158,0.172616040178759,0.0615991257754351,0.0573150785885981,0.0586653003170536,0.127795771961996
"$167,001 - $168,000",167001,168000,167500.5,"35-44","ks_35_44",792.794513444136,0.522008683178158,0.172616040178759,0.0615991257754351,0.0573150785885981,0.0586653003170536,0.127795771961996
"$167,001 - $168,000",167001,168000,167500.5,"45-54","ks_45_54",747.270476620736,0.522008683178158,0.172616040178759,0.0615991257754351,0.0573150785885981,0.0586653003170536,0.127795771961996
"$167,001 - $168,000",167001,168000,167500.5,"55-64","ks_55_64",628.042780320732,0.522008683178158,0.172616040178759,0.0615991257754351,0.0573150785885981,0.0586653003170536,0.127795771961996
"$167,001 - $168,000",167001,168000,167500.5,"65+","ks_65p",104.598815056274,0.522008683178158,0.172616040178759,0.0615991257754351,0.0573150785885981,0.0586653003170536,0.127795771961996
"$168,001 - $169,000",168001,169000,168500.5,"Under 16","ks_u16",0,0.522008683178158,0.172616040178759,0.0615991257754351,0.0573150785885981,0.0586653003170536,0.127795771961996
"$168,001 - $169,000",168001,169000,168500.5,"16-17","ks_16_17",0,0.522008683178158,0.172616040178759,0.0615991257754351,0.0573150785885981,0.0586653003170536,0.127795771961996
"$168,001 - $169,000",168001,169000,168500.5,"18-24","ks_18_24",0,0.522008683178158,0.172616040178759,0.0615991257754351,0.0573150785885981,0.0586653003170536,0.127795771961996
"$168,001 - $169,000",168001,169000,168500.5,"25-34","ks_25_34",280.459887728274,0.522008683178158,0.172616040178759,0.0615991257754351,0.0573150785885981,0.0586653003170536,0.127795771961996
"$168,001 - $169,000",168001,169000,168500.5,"35-44","ks_35_44",850.104960199134,0.522008683178158,0.172616040178759,0.0615991257754351,0.0573150785885981,0.0586653003170536,0.127795771961996
"$168,001 - $169,000",168001,169000,168500.5,"45-54","ks_45_54",818.439093441759,0.522008683178158,0.172616040178759,0.0615991257754351,0.0573150785885981,0.0586653003170536,0.127795771961996
"$168,001 - $169,000",168001,169000,168500.5,"55-64","ks_55_64",585.026151531641,0.522008683178158,0.172616040178759,0.0615991257754351,0.0573150785885981,0.0586653003170536,0.127795771961996
"$168,001 - $169,000",168001,169000,168500.5,"65+","ks_65p",104.598815056274,0.522008683178158,0.172616040178759,0.0615991257754351,0.0573150785885981,0.0586653003170536,0.127795771961996
"$169,001 - $170,000",169001,170000,169500.5,"Under 16","ks_u16",0,0.522008683178158,0.172616040178759,0.0615991257754351,0.0573150785885981,0.0586653003170536,0.127795771961996
"$169,001 - $170,000",169001,170000,169500.5,"16-17","ks_16_17",0,0.522008683178158,0.172616040178759,0.0615991257754351,0.0573150785885981,0.0586653003170536,0.127795771961996
"$169,001 - $170,000",169001,170000,169500.5,"18-24","ks_18_24",8.59486210936817,0.522008683178158,0.172616040178759,0.0615991257754351,0.0573150785885981,0.0586653003170536,0.127795771961996
"$169,001 - $170,000",169001,170000,169500.5,"25-34","ks_25_34",280.459887728274,0.522008683178158,0.172616040178759,0.0615991257754351,0.0573150785885981,0.0586653003170536,0.127795771961996
"$169,001 - $170,000",169001,170000,169500.5,"35-44","ks_35_44",783.242772318303,0.522008683178158,0.172616040178759,0.0615991257754351,0.0573150785885981,0.0586653003170536,0.127795771961996
"$169,001 - $170,000",169001,170000,169500.5,"45-54","ks_45_54",818.439093441759,0.522008683178158,0.172616040178759,0.0615991257754351,0.0573150785885981,0.0586653003170536,0.127795771961996
"$169,001 - $170,000",169001,170000,169500.5,"55-64","ks_55_64",645.249431836369,0.522008683178158,0.172616040178759,0.0615991257754351,0.0573150785885981,0.0586653003170536,0.127795771961996
"$169,001 - $170,000",169001,170000,169500.5,"65+","ks_65p",96.7539039270533,0.522008683178158,0.172616040178759,0.0615991257754351,0.0573150785885981,0.0586653003170536,0.127795771961996
"$170,001 - $171,000",170001,171000,170500.5,"Under 16","ks_u16",0,0.522008683178158,0.172616040178759,0.0615991257754351,0.0573150785885981,0.0586653003170536,0.127795771961996
"$170,001 - $171,000",170001,171000,170500.5,"16-17","ks_16_17",0,0.522008683178158,0.172616040178759,0.0615991257754351,0.0573150785885981,0.0586653003170536,0.127795771961996
"$170,001 - $171,000",170001,171000,170500.5,"18-24","ks_18_24",8.59486210936817,0.522008683178158,0.172616040178759,0.0615991257754351,0.0573150785885981,0.0586653003170536,0.127795771961996
"$170,001 - $171,000",170001,171000,170500.5,"25-34","ks_25_34",289.224259219783,0.522008683178158,0.172616040178759,0.0615991257754351,0.0573150785885981,0.0586653003170536,0.127795771961996
"$170,001 - $171,000",170001,171000,170500.5,"35-44","ks_35_44",869.2084424508,0.522008683178158,0.172616040178759,0.0615991257754351,0.0573150785885981,0.0586653003170536,0.127795771961996
"$170,001 - $171,000",170001,171000,170500.5,"45-54","ks_45_54",809.543016339131,0.522008683178158,0.172616040178759,0.0615991257754351,0.0573150785885981,0.0586653003170536,0.127795771961996
"$170,001 - $171,000",170001,171000,170500.5,"55-64","ks_55_64",610.836128805096,0.522008683178158,0.172616040178759,0.0615991257754351,0.0573150785885981,0.0586653003170536,0.127795771961996
"$170,001 - $171,000",170001,171000,170500.5,"65+","ks_65p",91.5239631742396,0.522008683178158,0.172616040178759,0.0615991257754351,0.0573150785885981,0.0586653003170536,0.127795771961996
"$171,001 - $172,000",171001,172000,171500.5,"Under 16","ks_u16",0,0.522008683178158,0.172616040178759,0.0615991257754351,0.0573150785885981,0.0586653003170536,0.127795771961996
"$171,001 - $172,000",171001,172000,171500.5,"16-17","ks_16_17",0,0.522008683178158,0.172616040178759,0.0615991257754351,0.0573150785885981,0.0586653003170536,0.127795771961996
"$171,001 - $172,000",171001,172000,171500.5,"18-24","ks_18_24",8.59486210936817,0.522008683178158,0.172616040178759,0.0615991257754351,0.0573150785885981,0.0586653003170536,0.127795771961996
"$171,001 - $172,000",171001,172000,171500.5,"25-34","ks_25_34",245.40240176224,0.522008683178158,0.172616040178759,0.0615991257754351,0.0573150785885981,0.0586653003170536,0.127795771961996
"$171,001 - $172,000",171001,172000,171500.5,"35-44","ks_35_44",792.794513444136,0.522008683178158,0.172616040178759,0.0615991257754351,0.0573150785885981,0.0586653003170536,0.127795771961996
"$171,001 - $172,000",171001,172000,171500.5,"45-54","ks_45_54",782.854785031248,0.522008683178158,0.172616040178759,0.0615991257754351,0.0573150785885981,0.0586653003170536,0.127795771961996
"$171,001 - $172,000",171001,172000,171500.5,"55-64","ks_55_64",559.216174258186,0.522008683178158,0.172616040178759,0.0615991257754351,0.0573150785885981,0.0586653003170536,0.127795771961996
"$171,001 - $172,000",171001,172000,171500.5,"65+","ks_65p",88.9089927978328,0.522008683178158,0.172616040178759,0.0615991257754351,0.0573150785885981,0.0586653003170536,0.127795771961996
"$172,001 - $173,000",172001,173000,172500.5,"Under 16","ks_u16",0,0.522008683178158,0.172616040178759,0.0615991257754351,0.0573150785885981,0.0586653003170536,0.127795771961996
"$172,001 - $173,000",172001,173000,172500.5,"16-17","ks_16_17",0,0.522008683178158,0.172616040178759,0.0615991257754351,0.0573150785885981,0.0586653003170536,0.127795771961996
"$172,001 - $173,000",172001,173000,172500.5,"18-24","ks_18_24",8.59486210936817,0.522008683178158,0.172616040178759,0.0615991257754351,0.0573150785885981,0.0586653003170536,0.127795771961996
"$172,001 - $173,000",172001,173000,172500.5,"25-34","ks_25_34",280.459887728274,0.522008683178158,0.172616040178759,0.0615991257754351,0.0573150785885981,0.0586653003170536,0.127795771961996
"$172,001 - $173,000",172001,173000,172500.5,"35-44","ks_35_44",745.035807814971,0.522008683178158,0.172616040178759,0.0615991257754351,0.0573150785885981,0.0586653003170536,0.127795771961996
"$172,001 - $173,000",172001,173000,172500.5,"45-54","ks_45_54",756.166553723364,0.522008683178158,0.172616040178759,0.0615991257754351,0.0573150785885981,0.0586653003170536,0.127795771961996
"$172,001 - $173,000",172001,173000,172500.5,"55-64","ks_55_64",585.026151531641,0.522008683178158,0.172616040178759,0.0615991257754351,0.0573150785885981,0.0586653003170536,0.127795771961996
"$172,001 - $173,000",172001,173000,172500.5,"65+","ks_65p",109.828755809088,0.522008683178158,0.172616040178759,0.0615991257754351,0.0573150785885981,0.0586653003170536,0.127795771961996
"$173,001 - $174,000",173001,174000,173500.5,"Under 16","ks_u16",0,0.522008683178158,0.172616040178759,0.0615991257754351,0.0573150785885981,0.0586653003170536,0.127795771961996
"$173,001 - $174,000",173001,174000,173500.5,"16-17","ks_16_17",0,0.522008683178158,0.172616040178759,0.0615991257754351,0.0573150785885981,0.0586653003170536,0.127795771961996
"$173,001 - $174,000",173001,174000,173500.5,"18-24","ks_18_24",0,0.522008683178158,0.172616040178759,0.0615991257754351,0.0573150785885981,0.0586653003170536,0.127795771961996
"$173,001 - $174,000",173001,174000,173500.5,"25-34","ks_25_34",245.40240176224,0.522008683178158,0.172616040178759,0.0615991257754351,0.0573150785885981,0.0586653003170536,0.127795771961996
"$173,001 - $174,000",173001,174000,173500.5,"35-44","ks_35_44",735.484066689138,0.522008683178158,0.172616040178759,0.0615991257754351,0.0573150785885981,0.0586653003170536,0.127795771961996
"$173,001 - $174,000",173001,174000,173500.5,"45-54","ks_45_54",773.95870792862,0.522008683178158,0.172616040178759,0.0615991257754351,0.0573150785885981,0.0586653003170536,0.127795771961996
"$173,001 - $174,000",173001,174000,173500.5,"55-64","ks_55_64",542.00952274255,0.522008683178158,0.172616040178759,0.0615991257754351,0.0573150785885981,0.0586653003170536,0.127795771961996
"$173,001 - $174,000",173001,174000,173500.5,"65+","ks_65p",99.3688743034601,0.522008683178158,0.172616040178759,0.0615991257754351,0.0573150785885981,0.0586653003170536,0.127795771961996
"$174,001 - $175,000",174001,175000,174500.5,"Under 16","ks_u16",0,0.522008683178158,0.172616040178759,0.0615991257754351,0.0573150785885981,0.0586653003170536,0.127795771961996
"$174,001 - $175,000",174001,175000,174500.5,"16-17","ks_16_17",0,0.522008683178158,0.172616040178759,0.0615991257754351,0.0573150785885981,0.0586653003170536,0.127795771961996
"$174,001 - $175,000",174001,175000,174500.5,"18-24","ks_18_24",8.59486210936817,0.522008683178158,0.172616040178759,0.0615991257754351,0.0573150785885981,0.0586653003170536,0.127795771961996
"$174,001 - $175,000",174001,175000,174500.5,"25-34","ks_25_34",254.166773253748,0.522008683178158,0.172616040178759,0.0615991257754351,0.0573150785885981,0.0586653003170536,0.127795771961996
"$174,001 - $175,000",174001,175000,174500.5,"35-44","ks_35_44",792.794513444136,0.522008683178158,0.172616040178759,0.0615991257754351,0.0573150785885981,0.0586653003170536,0.127795771961996
"$174,001 - $175,000",174001,175000,174500.5,"45-54","ks_45_54",836.231247647014,0.522008683178158,0.172616040178759,0.0615991257754351,0.0573150785885981,0.0586653003170536,0.127795771961996
"$174,001 - $175,000",174001,175000,174500.5,"55-64","ks_55_64",550.612848500368,0.522008683178158,0.172616040178759,0.0615991257754351,0.0573150785885981,0.0586653003170536,0.127795771961996
"$174,001 - $175,000",174001,175000,174500.5,"65+","ks_65p",109.828755809088,0.522008683178158,0.172616040178759,0.0615991257754351,0.0573150785885981,0.0586653003170536,0.127795771961996
"$175,001 - $176,000",175001,176000,175500.5,"Under 16","ks_u16",0,0.522008683178158,0.172616040178759,0.0615991257754351,0.0573150785885981,0.0586653003170536,0.127795771961996
"$175,001 - $176,000",175001,176000,175500.5,"16-17","ks_16_17",0,0.522008683178158,0.172616040178759,0.0615991257754351,0.0573150785885981,0.0586653003170536,0.127795771961996
"$175,001 - $176,000",175001,176000,175500.5,"18-24","ks_18_24",0,0.522008683178158,0.172616040178759,0.0615991257754351,0.0573150785885981,0.0586653003170536,0.127795771961996
"$175,001 - $176,000",175001,176000,175500.5,"25-34","ks_25_34",262.931144745257,0.522008683178158,0.172616040178759,0.0615991257754351,0.0573150785885981,0.0586653003170536,0.127795771961996
"$175,001 - $176,000",175001,176000,175500.5,"35-44","ks_35_44",792.794513444136,0.522008683178158,0.172616040178759,0.0615991257754351,0.0573150785885981,0.0586653003170536,0.127795771961996
"$175,001 - $176,000",175001,176000,175500.5,"45-54","ks_45_54",845.127324749642,0.522008683178158,0.172616040178759,0.0615991257754351,0.0573150785885981,0.0586653003170536,0.127795771961996
"$175,001 - $176,000",175001,176000,175500.5,"55-64","ks_55_64",645.249431836369,0.522008683178158,0.172616040178759,0.0615991257754351,0.0573150785885981,0.0586653003170536,0.127795771961996
"$175,001 - $176,000",175001,176000,175500.5,"65+","ks_65p",104.598815056274,0.522008683178158,0.172616040178759,0.0615991257754351,0.0573150785885981,0.0586653003170536,0.127795771961996
"$176,001 - $177,000",176001,177000,176500.5,"Under 16","ks_u16",0,0.522008683178158,0.172616040178759,0.0615991257754351,0.0573150785885981,0.0586653003170536,0.127795771961996
"$176,001 - $177,000",176001,177000,176500.5,"16-17","ks_16_17",0,0.522008683178158,0.172616040178759,0.0615991257754351,0.0573150785885981,0.0586653003170536,0.127795771961996
"$176,001 - $177,000",176001,177000,176500.5,"18-24","ks_18_24",8.59486210936817,0.522008683178158,0.172616040178759,0.0615991257754351,0.0573150785885981,0.0586653003170536,0.127795771961996
"$176,001 - $177,000",176001,177000,176500.5,"25-34","ks_25_34",271.695516236765,0.522008683178158,0.172616040178759,0.0615991257754351,0.0573150785885981,0.0586653003170536,0.127795771961996
"$176,001 - $177,000",176001,177000,176500.5,"35-44","ks_35_44",773.69103119247,0.522008683178158,0.172616040178759,0.0615991257754351,0.0573150785885981,0.0586653003170536,0.127795771961996
"$176,001 - $177,000",176001,177000,176500.5,"45-54","ks_45_54",782.854785031248,0.522008683178158,0.172616040178759,0.0615991257754351,0.0573150785885981,0.0586653003170536,0.127795771961996
"$176,001 - $177,000",176001,177000,176500.5,"55-64","ks_55_64",619.439454562914,0.522008683178158,0.172616040178759,0.0615991257754351,0.0573150785885981,0.0586653003170536,0.127795771961996
"$176,001 - $177,000",176001,177000,176500.5,"65+","ks_65p",112.443726185494,0.522008683178158,0.172616040178759,0.0615991257754351,0.0573150785885981,0.0586653003170536,0.127795771961996
"$177,001 - $178,000",177001,178000,177500.5,"Under 16","ks_u16",0,0.522008683178158,0.172616040178759,0.0615991257754351,0.0573150785885981,0.0586653003170536,0.127795771961996
"$177,001 - $178,000",177001,178000,177500.5,"16-17","ks_16_17",0,0.522008683178158,0.172616040178759,0.0615991257754351,0.0573150785885981,0.0586653003170536,0.127795771961996
"$177,001 - $178,000",177001,178000,177500.5,"18-24","ks_18_24",0,0.522008683178158,0.172616040178759,0.0615991257754351,0.0573150785885981,0.0586653003170536,0.127795771961996
"$177,001 - $178,000",177001,178000,177500.5,"25-34","ks_25_34",262.931144745257,0.522008683178158,0.172616040178759,0.0615991257754351,0.0573150785885981,0.0586653003170536,0.127795771961996
"$177,001 - $178,000",177001,178000,177500.5,"35-44","ks_35_44",764.139290066637,0.522008683178158,0.172616040178759,0.0615991257754351,0.0573150785885981,0.0586653003170536,0.127795771961996
"$177,001 - $178,000",177001,178000,177500.5,"45-54","ks_45_54",791.750862133875,0.522008683178158,0.172616040178759,0.0615991257754351,0.0573150785885981,0.0586653003170536,0.127795771961996
"$177,001 - $178,000",177001,178000,177500.5,"55-64","ks_55_64",610.836128805096,0.522008683178158,0.172616040178759,0.0615991257754351,0.0573150785885981,0.0586653003170536,0.127795771961996
"$177,001 - $178,000",177001,178000,177500.5,"65+","ks_65p",115.058696561901,0.522008683178158,0.172616040178759,0.0615991257754351,0.0573150785885981,0.0586653003170536,0.127795771961996
"$178,001 - $179,000",178001,179000,178500.5,"Under 16","ks_u16",0,0.522008683178158,0.172616040178759,0.0615991257754351,0.0573150785885981,0.0586653003170536,0.127795771961996
"$178,001 - $179,000",178001,179000,178500.5,"16-17","ks_16_17",0,0.522008683178158,0.172616040178759,0.0615991257754351,0.0573150785885981,0.0586653003170536,0.127795771961996
"$178,001 - $179,000",178001,179000,178500.5,"18-24","ks_18_24",8.59486210936817,0.522008683178158,0.172616040178759,0.0615991257754351,0.0573150785885981,0.0586653003170536,0.127795771961996
"$178,001 - $179,000",178001,179000,178500.5,"25-34","ks_25_34",289.224259219783,0.522008683178158,0.172616040178759,0.0615991257754351,0.0573150785885981,0.0586653003170536,0.127795771961996
"$178,001 - $179,000",178001,179000,178500.5,"35-44","ks_35_44",802.346254569969,0.522008683178158,0.172616040178759,0.0615991257754351,0.0573150785885981,0.0586653003170536,0.127795771961996
"$178,001 - $179,000",178001,179000,178500.5,"45-54","ks_45_54",862.919478954898,0.522008683178158,0.172616040178759,0.0615991257754351,0.0573150785885981,0.0586653003170536,0.127795771961996
"$178,001 - $179,000",178001,179000,178500.5,"55-64","ks_55_64",679.662734867642,0.522008683178158,0.172616040178759,0.0615991257754351,0.0573150785885981,0.0586653003170536,0.127795771961996
"$178,001 - $179,000",178001,179000,178500.5,"65+","ks_65p",109.828755809088,0.522008683178158,0.172616040178759,0.0615991257754351,0.0573150785885981,0.0586653003170536,0.127795771961996
"$179,001 - $180,000",179001,180000,179500.5,"Under 16","ks_u16",1.7676851557225,0.522008683178158,0.172616040178759,0.0615991257754351,0.0573150785885981,0.0586653003170536,0.127795771961996
"$179,001 - $180,000",179001,180000,179500.5,"16-17","ks_16_17",4.13851363923933,0.522008683178158,0.172616040178759,0.0615991257754351,0.0573150785885981,0.0586653003170536,0.127795771961996
"$179,001 - $180,000",179001,180000,179500.5,"18-24","ks_18_24",32.660476015599,0.522008683178158,0.172616040178759,0.0615991257754351,0.0573150785885981,0.0586653003170536,0.127795771961996
"$179,001 - $180,000",179001,180000,179500.5,"25-34","ks_25_34",482.040432032971,0.522008683178158,0.172616040178759,0.0615991257754351,0.0573150785885981,0.0586653003170536,0.127795771961996
"$179,001 - $180,000",179001,180000,179500.5,"35-44","ks_35_44",1528.27858013327,0.522008683178158,0.172616040178759,0.0615991257754351,0.0573150785885981,0.0586653003170536,0.127795771961996
"$179,001 - $180,000",179001,180000,179500.5,"45-54","ks_45_54",1672.46249529403,0.522008683178158,0.172616040178759,0.0615991257754351,0.0573150785885981,0.0586653003170536,0.127795771961996
"$179,001 - $180,000",179001,180000,179500.5,"55-64","ks_55_64",1514.18533337601,0.522008683178158,0.172616040178759,0.0615991257754351,0.0573150785885981,0.0586653003170536,0.127795771961996
"$179,001 - $180,000",179001,180000,179500.5,"65+","ks_65p",321.641356298042,0.522008683178158,0.172616040178759,0.0615991257754351,0.0573150785885981,0.0586653003170536,0.127795771961996
"Over $180,000",180001,999999,2e+05,"Under 16","ks_u16",6.18689804502875,0.522008683178158,0.172616040178759,0.0615991257754351,0.0573150785885981,0.0586653003170536,0.127795771961996
"Over $180,000",180001,999999,2e+05,"16-17","ks_16_17",4.13851363923933,0.522008683178158,0.172616040178759,0.0615991257754351,0.0573150785885981,0.0586653003170536,0.127795771961996
"Over $180,000",180001,999999,2e+05,"18-24","ks_18_24",178.773131874858,0.522008683178158,0.172616040178759,0.0615991257754351,0.0573150785885981,0.0586653003170536,0.127795771961996
"Over $180,000",180001,999999,2e+05,"25-34","ks_25_34",8545.26220422085,0.522008683178158,0.172616040178759,0.0615991257754351,0.0573150785885981,0.0586653003170536,0.127795771961996
"Over $180,000",180001,999999,2e+05,"35-44","ks_35_44",35570.683952602,0.522008683178158,0.172616040178759,0.0615991257754351,0.0573150785885981,0.0586653003170536,0.127795771961996
"Over $180,000",180001,999999,2e+05,"45-54","ks_45_54",44071.1659664182,0.522008683178158,0.172616040178759,0.0615991257754351,0.0573150785885981,0.0586653003170536,0.127795771961996
"Over $180,000",180001,999999,2e+05,"55-64","ks_55_64",32055.9917736308,0.522008683178158,0.172616040178759,0.0615991257754351,0.0573150785885981,0.0586653003170536,0.127795771961996
"Over $180,000",180001,999999,2e+05,"65+","ks_65p",5065.19761910006,0.522008683178158,0.172616040178759,0.0615991257754351,0.0573150785885981,0.0586653003170536,0.127795771961996
